User ID,Ethnicity,Gender,Education,Party,Topic,In Support,Similarity1,Similarity2,Similarity3,Similarity4,Similarity5,Similarity6,Similarity7,Similarity8,Similarity9,Similaritymax3,Similaritymax5
100000062,White,Man,HS or Less,I,Increasing size of House of Representatives,FALSE,0.2664,0.3524,0.2142,0.3441,0.4005,0.2625,0.1777,0.2314,0.2736,0.3524,0.4005
100000071,White,Woman,HS or Less,R,Increasing size of House of Representatives,FALSE,0.1363,0.1917,0.0523,0.1842,0.097,0.0366,0.14,0.1218,0.2076,0.1917,0.2076
100000099,Black,Woman,Some College,D,Increasing size of House of Representatives,FALSE,0.4362,0.2504,0.4979,0.5435,0.371,0.4666,0.4062,0.1861,0.3822,0.5435,0.4666
100000109,Black,Woman,HS or Less,R,Increasing size of House of Representatives,FALSE,0.0509,0.0397,0.0274,-0.056,-0.0084,0.0256,-0.0007,0.1361,0.0585,0.0397,0.1361
100000274,White,Man,4-Year,R,Increasing size of House of Representatives,FALSE,0.1227,0.1144,0.1067,0.1386,0.0699,0.0889,0.1255,0.0577,0.155,0.1386,0.155
100000285,All Other,Man,HS or Less,I,Increasing size of House of Representatives,FALSE,0.3081,0.2069,0.2648,0.3765,0.2785,0.3016,0.3168,0.2851,0.2792,0.3765,0.3168
100000306,White,Woman,4-Year,I,Increasing size of House of Representatives,FALSE,0.2459,0.3099,0.2719,0.3122,0.3154,0.2733,0.1646,0.2115,0.1675,0.3122,0.3154
100000319,White,Woman,HS or Less,R,Increasing size of House of Representatives,FALSE,0.2811,0.3841,0.1652,0.2439,0.355,0.1985,0.1795,0.1131,0.2609,0.3841,0.355
100000328,Asian,Woman,HS or Less,D,Increasing size of House of Representatives,FALSE,0.0254,0.0376,-0.0048,0.0474,0.0257,-0.0166,-0.0052,0.0888,0.0432,0.0474,0.0888
100000334,White,Man,HS or Less,R,Increasing size of House of Representatives,FALSE,-0.0294,0.0297,0.0497,0.0546,0.0225,0.0441,0.0329,0.1255,0.0208,0.0546,0.1255
100000394,White,Woman,HS or Less,R,Increasing size of House of Representatives,FALSE,0.2183,0.1468,0.2214,0.3031,0.174,0.2884,0.17,0.0748,0.1941,0.3031,0.2884
100000410,All Other,Woman,HS or Less,R,Increasing size of House of Representatives,FALSE,0.4196,0.214,0.3146,0.4975,0.3038,0.3562,0.4677,0.1394,0.3344,0.4975,0.4677
100000494,White,Woman,Some College,R,Increasing size of House of Representatives,FALSE,-0.0683,-0.0261,-0.0271,-0.0347,-0.0364,0.0092,-0.031,0.013,-0.0565,-0.0261,0.013
100000567,White,Woman,Post-Grad,R,Increasing size of House of Representatives,FALSE,0.4199,0.2899,0.3583,0.4284,0.2675,0.4709,0.4043,0.1594,0.2778,0.4284,0.4709
100000584,White,Woman,HS or Less,R,Increasing size of House of Representatives,FALSE,0.3495,0.236,0.2778,0.3642,0.2731,0.2986,0.3536,0.3835,0.3226,0.3642,0.3835
100000598,White,Woman,HS or Less,I,Increasing size of House of Representatives,FALSE,0.0342,0.1904,-0.0124,-0.0069,0.0333,-0.0032,-0.018,0.0872,0.0772,0.1904,0.0872
100000633,White,Man,HS or Less,I,Increasing size of House of Representatives,FALSE,0.0867,0.1033,0.0833,0.19,0.1274,0.1908,0.1169,0.134,0.0862,0.19,0.1908
100000659,White,Man,Post-Grad,R,Increasing size of House of Representatives,FALSE,0.4138,0.3469,0.3663,0.5002,0.3109,0.2998,0.2715,0.4293,0.3237,0.5002,0.4293
100000696,White,Woman,Some College,R,Increasing size of House of Representatives,FALSE,0.0044,-0.0487,0.0181,0.0065,-0.0403,0.0092,0.0804,0.119,0.0124,0.0181,0.119
100000713,White,Woman,4-Year,R,Increasing size of House of Representatives,FALSE,0.263,0.0858,0.401,0.4031,0.2168,0.2865,0.2001,0.0881,0.245,0.4031,0.2865
100000716,White,Woman,Some College,I,Increasing size of House of Representatives,FALSE,0.2488,0.1755,0.2093,0.2691,0.2274,0.2548,0.1501,0.1318,0.1257,0.2691,0.2548
100000737,White,Woman,Some College,R,Increasing size of House of Representatives,FALSE,0.4275,0.2514,0.451,0.3756,0.3204,0.4366,0.4239,0.239,0.3647,0.451,0.4366
100000756,Asian,Woman,Post-Grad,I,Increasing size of House of Representatives,FALSE,0.0525,0.0488,0.0804,0.0113,0.0056,0.0118,0.0962,0.114,0.0698,0.0804,0.114
100000773,White,Woman,Some College,R,Increasing size of House of Representatives,FALSE,0.503,0.367,0.4427,0.4074,0.472,0.5749,0.5963,0.2163,0.4056,0.4427,0.5963
100000781,White,Woman,Some College,R,Increasing size of House of Representatives,FALSE,0.317,0.0919,0.3392,0.324,0.2947,0.4068,0.3427,0.0105,0.3213,0.3392,0.4068
100000852,White,Man,Post-Grad,R,Increasing size of House of Representatives,FALSE,0.2127,0.2315,0.2268,0.3137,0.2457,0.206,0.1626,0.13,0.1495,0.3137,0.2457
100000863,White,Man,Some College,R,Increasing size of House of Representatives,FALSE,0.275,0.1879,0.2099,0.375,0.2701,0.2714,0.263,0.2884,0.2404,0.375,0.2884
100000865,Hispanic,Woman,Some College,R,Increasing size of House of Representatives,FALSE,0.0178,0.079,0.0066,-0.0033,0.064,0.0643,0.0556,0.0844,0.1127,0.079,0.1127
100000874,White,Woman,Post-Grad,D,Increasing size of House of Representatives,FALSE,0.6287,0.2792,0.5103,0.6491,0.4232,0.5149,0.6086,0.1965,0.4685,0.6491,0.6086
100000879,All Other,Woman,HS or Less,R,Increasing size of House of Representatives,FALSE,0.1607,0.0516,0.1774,0.2642,0.1705,0.1685,0.1517,0.2571,0.2192,0.2642,0.2571
100000887,White,Woman,Post-Grad,I,Increasing size of House of Representatives,FALSE,0.5708,0.3245,0.6505,0.5294,0.6159,0.6502,0.534,0.1885,0.5524,0.6505,0.6502
100000899,White,Man,Some College,R,Increasing size of House of Representatives,FALSE,-0.0031,0.0531,0.0045,0.0265,0.0418,0.0131,0.1051,0.0231,0.024,0.0531,0.1051
100000914,Asian,Woman,Post-Grad,D,Increasing size of House of Representatives,FALSE,0.5253,0.3017,0.5818,0.5533,0.3707,0.5543,0.436,0.2228,0.4176,0.5818,0.5543
100000927,White,Woman,Some College,R,Increasing size of House of Representatives,FALSE,0.4052,0.2971,0.3588,0.4119,0.3123,0.3364,0.3625,0.2682,0.309,0.4119,0.3625
100000944,White,Woman,Post-Grad,R,Increasing size of House of Representatives,FALSE,0.3427,0.1945,0.3763,0.3051,0.389,0.425,0.3495,0.0834,0.4288,0.3763,0.4288
100000945,White,Woman,4-Year,R,Increasing size of House of Representatives,FALSE,0.3348,0.2601,0.3604,0.4315,0.2409,0.3845,0.3066,0.1695,0.2856,0.4315,0.3845
100000952,White,Woman,4-Year,D,Increasing size of House of Representatives,FALSE,0.4976,0.14,0.5313,0.5384,0.3121,0.4908,0.3929,0.1788,0.3837,0.5384,0.4908
100000975,White,Woman,Post-Grad,I,Increasing size of House of Representatives,FALSE,0.194,0.1836,0.187,0.1533,0.1076,0.1787,0.2244,0.1365,0.2136,0.187,0.2244
100000983,White,Woman,4-Year,R,Increasing size of House of Representatives,FALSE,0.3483,0.2805,0.2752,0.334,0.2484,0.3176,0.3978,0.1033,0.2676,0.334,0.3978
100000988,White,Woman,4-Year,D,Increasing size of House of Representatives,FALSE,0.4019,0.2833,0.3959,0.4959,0.2835,0.3441,0.3323,0.2553,0.3289,0.4959,0.3441
100001014,White,Man,HS or Less,R,Increasing size of House of Representatives,FALSE,0.0358,0.2082,0.0479,0.0446,0.1114,0.0555,0.009,0.0189,0.0593,0.2082,0.1114
100001060,White,Woman,Some College,R,Increasing size of House of Representatives,FALSE,0.2918,0.3733,0.2466,0.3908,0.394,0.4026,0.2986,0.1847,0.3184,0.3908,0.4026
100001078,White,Woman,4-Year,R,Increasing size of House of Representatives,FALSE,0.033,0.0999,0.0914,0.0448,0.0203,0.0029,0.0723,0.0982,0.0573,0.0999,0.0982
100001097,White,Woman,Post-Grad,R,Increasing size of House of Representatives,FALSE,-0.0219,0.0636,0.036,0.1166,0.0139,0.0091,0.0316,0.1035,0.0155,0.1166,0.1035
100001117,White,Woman,Post-Grad,I,Increasing size of House of Representatives,FALSE,0.1768,0.2365,0.1588,0.1951,0.2129,0.2143,0.1552,0.1532,0.1411,0.2365,0.2143
100001136,White,Woman,Some College,R,Increasing size of House of Representatives,FALSE,0.3232,0.3076,0.3145,0.3342,0.2366,0.295,0.2969,0.3099,0.3896,0.3342,0.3896
100001143,White,Woman,Some College,D,Increasing size of House of Representatives,FALSE,0.0664,0.1601,0.0367,0.0265,0.0915,0.043,-0.0073,0.1012,0.1042,0.1601,0.1042
100001148,White,Woman,Some College,D,Increasing size of House of Representatives,FALSE,0.0688,0.1882,0.0686,0.0554,0.1321,0.081,-0.0184,-0.0086,0.0244,0.1882,0.1321
200000394,White,Woman,Post-Grad,I,Increasing size of House of Representatives,FALSE,0.2323,0.3513,0.2295,0.3595,0.2829,0.2876,0.2122,0.2138,0.1881,0.3595,0.2876
200000396,White,Man,4-Year,R,Increasing size of House of Representatives,FALSE,0.3407,0.3135,0.3143,0.4279,0.3434,0.3968,0.2485,0.1854,0.2382,0.4279,0.3968
200000583,White,Man,Some College,D,Increasing size of House of Representatives,FALSE,0.4024,0.2336,0.4549,0.5196,0.3484,0.4095,0.3288,0.3486,0.4291,0.5196,0.4291
200000600,White,Man,4-Year,D,Increasing size of House of Representatives,FALSE,0.3725,0.2593,0.3479,0.3276,0.2517,0.3432,0.3293,0.1043,0.3043,0.3479,0.3432
200000828,White,Woman,Some College,R,Increasing size of House of Representatives,FALSE,0.1013,0.114,0.1897,0.2247,0.0589,0.1153,0.1113,0.2955,0.069,0.2247,0.2955
200000859,White,Man,Some College,R,Increasing size of House of Representatives,FALSE,0.5143,0.3103,0.5244,0.5541,0.423,0.5012,0.4071,0.1789,0.4265,0.5541,0.5012
200000869,White,Man,4-Year,I,Increasing size of House of Representatives,FALSE,0.4004,0.4776,0.3785,0.4509,0.4125,0.4172,0.2614,0.3181,0.3229,0.4776,0.4172
200000901,White,Woman,Some College,R,Increasing size of House of Representatives,FALSE,0.3463,0.4278,0.385,0.4221,0.3411,0.2993,0.2938,0.2083,0.3026,0.4278,0.3411
200001070,All Other,Man,Some College,R,Increasing size of House of Representatives,FALSE,0.1353,0.0731,0.088,0.1296,0.079,0.1444,0.0731,0.1483,0.1363,0.1296,0.1483
200001105,White,Woman,Some College,I,Increasing size of House of Representatives,FALSE,0.339,0.2699,0.3838,0.3703,0.2158,0.2689,0.307,0.2209,0.312,0.3838,0.312
200001338,White,Woman,Some College,D,Increasing size of House of Representatives,FALSE,0.2164,0.0249,0.2338,0.3239,0.1423,0.263,0.1432,0.0487,0.1641,0.3239,0.263
200001463,All Other,Woman,Some College,I,Increasing size of House of Representatives,FALSE,0.0326,0.1614,0.1001,-0.0131,0.07,0.0571,0.06,0.011,0.0497,0.1614,0.07
200001636,White,Woman,Some College,R,Increasing size of House of Representatives,FALSE,0.2006,0.3637,0.1761,0.2499,0.2666,0.1873,0.1499,0.0892,0.187,0.3637,0.2666
200001919,White,Woman,Some College,R,Increasing size of House of Representatives,FALSE,0.2385,0.2299,0.3482,0.24,0.3843,0.3584,0.2507,0.0239,0.3033,0.3482,0.3843
200001924,White,Man,Some College,R,Increasing size of House of Representatives,FALSE,0.2513,0.2155,0.1269,0.3157,0.1883,0.2601,0.1521,0.3105,0.1597,0.3157,0.3105
200001997,White,Woman,4-Year,R,Increasing size of House of Representatives,FALSE,0.0437,0.1734,0.1052,-0.0065,0.0748,0.0687,0.078,0.0268,0.0614,0.1734,0.078
200002036,White,Woman,Some College,R,Increasing size of House of Representatives,FALSE,0.1498,0.0573,0.1863,0.2524,0.0699,0.0545,0.0759,0.3883,0.1401,0.2524,0.3883
200002042,White,Woman,4-Year,R,Increasing size of House of Representatives,FALSE,0.005,0.0784,0.0967,0.0315,-0.0179,0.022,0.0687,0.0692,0.0128,0.0967,0.0692
200002049,White,Woman,4-Year,D,Increasing size of House of Representatives,FALSE,-0.0415,0.0559,-0.0179,-0.0389,-0.03,-0.0674,0.0293,0.114,0.0455,0.0559,0.114
200002213,White,Man,4-Year,D,Increasing size of House of Representatives,FALSE,0.1088,0.085,0.0844,0.0923,0.0765,0.1048,0.1567,0.0265,0.133,0.0923,0.1567
200002438,White,Woman,Post-Grad,R,Increasing size of House of Representatives,FALSE,0.4519,0.1268,0.6071,0.4562,0.2854,0.4767,0.3759,0.161,0.3276,0.6071,0.4767
200002449,White,Woman,4-Year,I,Increasing size of House of Representatives,FALSE,0.2392,0.1997,0.2687,0.4352,0.2549,0.284,0.2425,0.2827,0.2229,0.4352,0.284
200002531,All Other,Man,4-Year,R,Increasing size of House of Representatives,FALSE,0.3592,0.2376,0.4443,0.4179,0.3002,0.4195,0.3656,0.1196,0.3089,0.4443,0.4195
200002593,White,Woman,Some College,R,Increasing size of House of Representatives,FALSE,0.1383,0.1255,0.1317,0.1718,0.1185,0.1217,0.0691,0.1073,0.1374,0.1718,0.1374
200002602,White,Woman,Some College,I,Increasing size of House of Representatives,FALSE,0.0308,0.145,0.0464,0.1009,0.0917,0.0032,0.0537,0.0965,0.0436,0.145,0.0965
200002603,White,Man,Some College,D,Increasing size of House of Representatives,FALSE,0.0358,0.1481,0.0208,0.1903,0.0271,0.0388,0.0775,0.1491,0.0857,0.1903,0.1491
200002646,White,Woman,Some College,D,Increasing size of House of Representatives,FALSE,0.458,0.2131,0.4372,0.4981,0.2687,0.3221,0.3132,0.2573,0.2463,0.4981,0.3221
200002992,White,Man,4-Year,R,Increasing size of House of Representatives,FALSE,0.3038,0.2211,0.2267,0.3082,0.3694,0.2988,0.2627,0.0047,0.2535,0.3082,0.3694
200003234,White,Woman,4-Year,R,Increasing size of House of Representatives,FALSE,0.381,0.1721,0.394,0.4947,0.3046,0.4003,0.3715,0.1203,0.3027,0.4947,0.4003
200003281,White,Man,4-Year,D,Increasing size of House of Representatives,FALSE,0.4239,0.1487,0.3012,0.5011,0.28,0.3282,0.5241,0.2435,0.3435,0.5011,0.5241
200003354,White,Woman,Some College,R,Increasing size of House of Representatives,FALSE,0.4994,0.3011,0.4803,0.6875,0.3718,0.5171,0.3816,0.1927,0.3921,0.6875,0.5171
200003437,White,Woman,Some College,D,Increasing size of House of Representatives,FALSE,0.3424,0.3033,0.3049,0.3341,0.3214,0.417,0.4019,0.0745,0.2449,0.3341,0.417
200003457,White,Man,Post-Grad,D,Increasing size of House of Representatives,FALSE,0.4572,0.3869,0.4024,0.475,0.4484,0.6121,0.5415,0.1688,0.3444,0.475,0.6121
200003706,White,Woman,Some College,R,Increasing size of House of Representatives,FALSE,0.0894,0.0806,0.1849,0.153,0.0759,0.1106,0.0622,0.0952,0.1163,0.1849,0.1163
200003903,White,Woman,Post-Grad,R,Increasing size of House of Representatives,FALSE,0.2765,0.554,0.3122,0.2825,0.4535,0.3198,0.2821,0.2361,0.2916,0.554,0.4535
200003958,White,Woman,4-Year,R,Increasing size of House of Representatives,FALSE,0.3097,0.1322,0.2564,0.334,0.166,0.2287,0.174,0.1606,0.1698,0.334,0.2287
200003995,White,Woman,Post-Grad,D,Increasing size of House of Representatives,FALSE,0.3109,0.2633,0.4194,0.4705,0.3205,0.4064,0.2859,0.1473,0.2665,0.4705,0.4064
200004043,All Other,Woman,4-Year,R,Increasing size of House of Representatives,FALSE,0.4696,0.1063,0.5784,0.3737,0.345,0.4992,0.5468,0.1602,0.433,0.5784,0.5468
200004048,White,Woman,4-Year,R,Increasing size of House of Representatives,FALSE,0.2929,0.4163,0.2968,0.3689,0.3028,0.3275,0.2364,0.1757,0.2646,0.4163,0.3275
200004220,White,Man,Post-Grad,R,Increasing size of House of Representatives,FALSE,0.2379,0.2331,0.2521,0.5212,0.2377,0.3002,0.2232,0.1808,0.2771,0.5212,0.3002
200004283,White,Man,Some College,R,Increasing size of House of Representatives,FALSE,0.0002,0.0992,-0.0477,0.0205,0.0173,-0.0649,0.0062,-0.0776,0.0561,0.0992,0.0561
200004417,White,Man,Some College,R,Increasing size of House of Representatives,FALSE,0.3145,0.4614,0.3173,0.3353,0.4007,0.3451,0.2862,0.3059,0.3105,0.4614,0.4007
200004532,All Other,Woman,4-Year,D,Increasing size of House of Representatives,FALSE,0.393,0.2487,0.353,0.489,0.2745,0.3723,0.3784,0.2743,0.3047,0.489,0.3784
200004664,White,Man,Some College,D,Increasing size of House of Representatives,FALSE,0.4028,0.1601,0.4883,0.451,0.2985,0.5369,0.3784,0.1564,0.3043,0.4883,0.5369
200004665,White,Woman,4-Year,D,Increasing size of House of Representatives,FALSE,0.0251,0.0324,0.0799,0.0553,0.0636,0.039,0.0384,0.1663,0.0688,0.0799,0.1663
200004796,White,Woman,4-Year,R,Increasing size of House of Representatives,FALSE,0.5045,0.3653,0.4622,0.5325,0.4591,0.5017,0.3621,0.2069,0.3829,0.5325,0.5017
200004819,White,Man,Post-Grad,D,Increasing size of House of Representatives,FALSE,0.188,0.1304,0.2273,0.243,0.1654,0.1676,0.0723,0.1635,0.1843,0.243,0.1843
200004877,Black,Woman,Post-Grad,R,Increasing size of House of Representatives,FALSE,0.1213,0.0702,0.1306,0.216,0.0268,0.1332,0.0613,0.3225,0.0648,0.216,0.3225
200004919,White,Man,Post-Grad,D,Increasing size of House of Representatives,FALSE,0.2258,0.286,0.2305,0.2336,0.2866,0.2397,0.1644,0.1106,0.1746,0.286,0.2866
200004925,White,Man,4-Year,D,Increasing size of House of Representatives,FALSE,0.6181,0.1981,0.6003,0.7046,0.4079,0.5391,0.5518,0.1922,0.4699,0.7046,0.5518
200004929,White,Woman,Post-Grad,I,Increasing size of House of Representatives,FALSE,0.0229,0.1097,0.0388,-0.0553,0.0043,-0.0041,-0.028,0.1592,0.0026,0.1097,0.1592
200005084,White,Woman,Post-Grad,D,Increasing size of House of Representatives,FALSE,0.3271,0.425,0.2985,0.3717,0.4205,0.3463,0.1726,0.3126,0.279,0.425,0.4205
200005127,White,Woman,Some College,R,Increasing size of House of Representatives,FALSE,0.4749,0.3494,0.3545,0.5129,0.3891,0.4217,0.3704,0.132,0.3639,0.5129,0.4217
200005270,Asian,Man,4-Year,R,Increasing size of House of Representatives,FALSE,0.4833,0.2682,0.4538,0.4731,0.3073,0.337,0.3297,0.2445,0.3081,0.4731,0.337
200005608,All Other,Woman,4-Year,R,Increasing size of House of Representatives,FALSE,0.0917,0.0257,0.1178,0.0872,0.0721,0.0745,0.1328,0.1777,0.1141,0.1178,0.1777
200005961,White,Man,4-Year,R,Increasing size of House of Representatives,FALSE,0.3777,0.1404,0.314,0.327,0.2756,0.3973,0.4124,0.1778,0.3802,0.327,0.4124
200005987,White,Woman,Post-Grad,R,Increasing size of House of Representatives,FALSE,0.3282,0.2488,0.2563,0.334,0.3107,0.3855,0.3484,0.1984,0.3767,0.334,0.3855
200005994,White,Woman,4-Year,R,Increasing size of House of Representatives,FALSE,0.2249,0.3778,0.2116,0.2665,0.2668,0.215,0.1169,0.1033,0.1823,0.3778,0.2668
200005995,White,Man,Some College,R,Increasing size of House of Representatives,FALSE,0.5606,0.2056,0.4889,0.6213,0.387,0.4805,0.553,0.2371,0.4382,0.6213,0.553
200006069,White,Man,Some College,R,Increasing size of House of Representatives,FALSE,0.3899,0.2528,0.3659,0.5114,0.3097,0.3725,0.396,0.1951,0.352,0.5114,0.396
200006110,White,Woman,4-Year,D,Increasing size of House of Representatives,FALSE,0.1515,0.3648,0.1398,0.1361,0.1464,0.0425,0.1816,0.2199,0.2337,0.3648,0.2337
200006161,White,Man,Some College,R,Increasing size of House of Representatives,FALSE,0.2715,0.223,0.2191,0.2486,0.2467,0.2515,0.1707,0.1798,0.1596,0.2486,0.2515
300000014,White,Woman,Some College,R,Increasing size of House of Representatives,FALSE,0.5706,0.345,0.5849,0.5169,0.5784,0.6885,0.5586,0.1614,0.4577,0.5849,0.6885
300000018,All Other,Woman,Some College,R,Increasing size of House of Representatives,FALSE,0.1023,0.1627,0.0874,0.1527,0.1568,0.0797,-0.027,0.0473,0.091,0.1627,0.1568
300000049,White,Woman,Post-Grad,D,Increasing size of House of Representatives,FALSE,0.1977,0.1224,0.258,0.2682,0.1311,0.171,0.1724,0.3007,0.2101,0.2682,0.3007
300000052,White,Woman,4-Year,I,Increasing size of House of Representatives,FALSE,0.3556,0.292,0.3751,0.3657,0.3767,0.3746,0.3802,0.1886,0.3931,0.3751,0.3931
300000088,White,Man,HS or Less,D,Increasing size of House of Representatives,FALSE,0.3943,0.1473,0.4512,0.5191,0.29,0.344,0.3446,0.3119,0.3638,0.5191,0.3638
300000098,White,Man,4-Year,R,Increasing size of House of Representatives,FALSE,0.3491,0.2992,0.3484,0.4474,0.311,0.3515,0.359,0.2205,0.3538,0.4474,0.359
300000120,Hispanic,Woman,HS or Less,D,Increasing size of House of Representatives,FALSE,-0.0724,0.2428,-0.0639,-0.069,0.0423,-0.0724,-0.0513,0.0445,-0.0724,0.2428,0.0445
300000159,Black,Woman,Post-Grad,D,Increasing size of House of Representatives,FALSE,0.3137,0.2893,0.268,0.392,0.2589,0.2333,0.2821,0.3433,0.3696,0.392,0.3696
300000219,White,Man,HS or Less,I,Increasing size of House of Representatives,FALSE,0.2863,0.4928,0.2693,0.3448,0.2441,0.2117,0.2136,0.2459,0.258,0.4928,0.258
300000243,White,Man,4-Year,D,Increasing size of House of Representatives,FALSE,0.6488,0.1874,0.7589,0.4356,0.671,0.6723,0.6441,0.2838,0.6952,0.7589,0.6952
300000262,White,Man,Some College,R,Increasing size of House of Representatives,FALSE,0.3763,0.1158,0.3091,0.5092,0.2842,0.382,0.5025,0.0555,0.3174,0.5092,0.5025
300000263,White,Man,4-Year,I,Increasing size of House of Representatives,FALSE,0.201,0.1476,0.1981,0.2281,0.1871,0.1319,0.1597,0.1272,0.1844,0.2281,0.1871
300000264,White,Man,4-Year,R,Increasing size of House of Representatives,FALSE,0.4017,0.3233,0.3579,0.3907,0.2768,0.391,0.3656,0.1515,0.2969,0.3907,0.391
300000276,White,Woman,4-Year,R,Increasing size of House of Representatives,FALSE,0.4463,0.4108,0.4551,0.4372,0.4391,0.4227,0.4224,0.2753,0.4308,0.4551,0.4391
300000277,White,Woman,Post-Grad,R,Increasing size of House of Representatives,FALSE,0.2464,0.0796,0.161,0.228,0.1578,0.163,0.1851,0.2245,0.2746,0.228,0.2746
300000280,White,Man,4-Year,R,Increasing size of House of Representatives,FALSE,0.4939,0.2649,0.4275,0.5152,0.4034,0.4434,0.4841,0.1477,0.4095,0.5152,0.4841
300000283,White,Man,Post-Grad,R,Increasing size of House of Representatives,FALSE,0.4926,0.3525,0.4928,0.5496,0.4983,0.6188,0.4708,0.1954,0.3952,0.5496,0.6188
300000284,White,Man,HS or Less,R,Increasing size of House of Representatives,FALSE,0.1867,0.0945,0.249,0.1511,0.1872,0.2043,0.1445,0.0726,0.2101,0.249,0.2101
300000291,White,Woman,Post-Grad,R,Increasing size of House of Representatives,FALSE,0.3026,0.2533,0.2489,0.3082,0.2449,0.3043,0.3913,0.2032,0.2278,0.3082,0.3913
300000325,White,Man,Some College,R,Increasing size of House of Representatives,FALSE,0.2876,0.2042,0.2517,0.2623,0.2477,0.255,0.1601,0.1703,0.1502,0.2623,0.255
300000344,White,Woman,4-Year,D,Increasing size of House of Representatives,FALSE,0.248,0.3857,0.1752,0.2463,0.2412,0.2323,0.156,0.1619,0.1459,0.3857,0.2412
300000370,White,Man,4-Year,I,Increasing size of House of Representatives,FALSE,0.3396,0.4363,0.316,0.4897,0.3801,0.3902,0.3063,0.328,0.3229,0.4897,0.3902
300000376,White,Woman,Some College,R,Increasing size of House of Representatives,FALSE,0.3189,0.3795,0.2138,0.2873,0.3362,0.3174,0.2785,0.0484,0.2725,0.3795,0.3362
300000394,All Other,Man,4-Year,I,Increasing size of House of Representatives,FALSE,0.4121,0.3337,0.2267,0.4195,0.3802,0.3955,0.3676,0.3228,0.4014,0.4195,0.4014
300000403,White,Woman,Some College,R,Increasing size of House of Representatives,FALSE,0.1337,0.1896,0.1511,0.2133,0.0557,0.0365,0.0868,0.2861,0.1113,0.2133,0.2861
300000421,White,Man,Some College,R,Increasing size of House of Representatives,FALSE,0.0906,0.0216,0.1089,0.0921,0.0407,0.0698,0.0453,0.2141,0.0267,0.1089,0.2141
300000423,Hispanic,Man,Some College,D,Increasing size of House of Representatives,FALSE,0.3904,0.4196,0.3763,0.4838,0.3614,0.4063,0.3979,0.1888,0.3902,0.4838,0.4063
300000472,White,Man,HS or Less,R,Increasing size of House of Representatives,FALSE,-0.0419,-0.0054,-0.0783,-0.0342,-0.0462,-0.0586,-0.0132,0.0424,-0.0433,-0.0054,0.0424
300000552,White,Man,4-Year,R,Increasing size of House of Representatives,FALSE,0.4254,0.165,0.4865,0.396,0.2973,0.3162,0.3825,0.1756,0.3986,0.4865,0.3986
300000619,White,Man,HS or Less,I,Increasing size of House of Representatives,FALSE,0.4717,0.1165,0.4681,0.2265,0.5733,0.4854,0.4565,0.0583,0.5181,0.4681,0.5733
300000673,White,Woman,HS or Less,D,Increasing size of House of Representatives,FALSE,0.2223,0.1827,0.254,0.26,0.2614,0.3338,0.2501,0.0808,0.1921,0.26,0.3338
300000678,White,Man,HS or Less,R,Increasing size of House of Representatives,FALSE,0.2834,0.3235,0.2575,0.3006,0.2704,0.3487,0.2333,0.1563,0.2253,0.3235,0.3487
300000692,White,Woman,HS or Less,I,Increasing size of House of Representatives,FALSE,0.5167,0.1491,0.543,0.5536,0.3188,0.4976,0.4106,0.1968,0.3935,0.5536,0.4976
300000737,White,Man,HS or Less,R,Increasing size of House of Representatives,FALSE,0.2079,0.3803,0.1732,0.2135,0.3011,0.2017,0.1291,0.1743,0.2285,0.3803,0.3011
300000747,All Other,Man,HS or Less,I,Increasing size of House of Representatives,FALSE,-0.014,0.0604,0.0266,0.0248,0.0019,-0.0447,0.0451,0.1297,0.0549,0.0604,0.1297
300000782,White,Man,4-Year,D,Increasing size of House of Representatives,FALSE,0.2784,0.3472,0.2133,0.2851,0.2855,0.2655,0.3061,0.4212,0.2062,0.3472,0.4212
300000823,White,Woman,HS or Less,D,Increasing size of House of Representatives,FALSE,0.4534,0.3857,0.3691,0.4822,0.4434,0.435,0.4309,0.2683,0.471,0.4822,0.471
300000854,White,Woman,Post-Grad,D,Increasing size of House of Representatives,FALSE,0.2929,0.2221,0.3789,0.3868,0.3443,0.5437,0.2599,0.162,0.2745,0.3868,0.5437
300000861,White,Man,4-Year,D,Increasing size of House of Representatives,FALSE,0.4069,0.1348,0.359,0.3792,0.3428,0.3565,0.369,0.1099,0.3561,0.3792,0.369
300000893,White,Man,4-Year,D,Increasing size of House of Representatives,FALSE,0.2895,0.2599,0.3582,0.2788,0.3015,0.3399,0.2497,0.1683,0.302,0.3582,0.3399
300000899,Black,Man,Some College,D,Increasing size of House of Representatives,FALSE,0.5619,0.2499,0.5052,0.5511,0.3969,0.5124,0.5065,0.2198,0.3907,0.5511,0.5124
300000904,White,Woman,4-Year,D,Increasing size of House of Representatives,FALSE,0.4551,0.1927,0.4301,0.4969,0.2813,0.3946,0.3526,0.2187,0.2997,0.4969,0.3946
300000955,White,Woman,Some College,D,Increasing size of House of Representatives,FALSE,0.2098,0.318,0.2351,0.4227,0.2225,0.2897,0.2953,0.2077,0.2996,0.4227,0.2996
300000976,White,Man,HS or Less,D,Increasing size of House of Representatives,FALSE,0.0415,0.0266,-0.029,0.0533,0.0025,0.0363,0.018,0.0742,0.0265,0.0533,0.0742
300000993,White,Woman,Post-Grad,I,Increasing size of House of Representatives,FALSE,0.4916,0.2717,0.4595,0.5351,0.401,0.3977,0.4551,0.2427,0.4753,0.5351,0.4753
300001003,Hispanic,Man,Some College,R,Increasing size of House of Representatives,FALSE,0.512,0.171,0.5624,0.5557,0.3688,0.525,0.4174,0.2976,0.3889,0.5624,0.525
300001004,Black,Man,Some College,I,Increasing size of House of Representatives,FALSE,0.2284,0.2796,0.1916,0.3177,0.2117,0.1625,0.1995,0.12,0.2016,0.3177,0.2117
300001027,White,Man,HS or Less,R,Increasing size of House of Representatives,FALSE,0.3669,0.2633,0.3993,0.3979,0.3793,0.4255,0.3577,0.2103,0.3352,0.3993,0.4255
300001079,White,Man,Some College,R,Increasing size of House of Representatives,FALSE,0.2801,0.1257,0.3075,0.4264,0.1534,0.2294,0.2297,0.3219,0.2413,0.4264,0.3219
300001082,White,Man,Some College,R,Increasing size of House of Representatives,FALSE,0.3482,0.1216,0.3663,0.3664,0.3272,0.2937,0.3751,0.3025,0.4036,0.3664,0.4036
300001094,White,Man,HS or Less,R,Increasing size of House of Representatives,FALSE,0.313,0.4715,0.311,0.3795,0.4003,0.3422,0.2901,0.1906,0.2411,0.4715,0.4003
300001099,White,Man,4-Year,R,Increasing size of House of Representatives,FALSE,0.2751,0.2446,0.2282,0.3393,0.1824,0.1466,0.222,0.3606,0.1596,0.3393,0.3606
300001102,White,Man,Some College,R,Increasing size of House of Representatives,FALSE,0.3513,0.3129,0.3876,0.4932,0.3598,0.4461,0.289,0.2264,0.2848,0.4932,0.4461
300001118,White,Woman,4-Year,R,Increasing size of House of Representatives,FALSE,0.0912,0.1227,0.1543,0.0929,0.1103,0.0738,0.1034,0.0056,0.1035,0.1543,0.1103
300001157,White,Man,HS or Less,R,Increasing size of House of Representatives,FALSE,0.2233,0.0897,0.2046,0.2804,0.1291,0.2037,0.1668,0.2594,0.2152,0.2804,0.2594
300001163,White,Woman,Some College,R,Increasing size of House of Representatives,FALSE,0.3336,0.2161,0.422,0.4177,0.2631,0.3357,0.2792,0.1936,0.3133,0.422,0.3357
300001185,White,Woman,HS or Less,D,Increasing size of House of Representatives,FALSE,0.1786,0.1169,0.2031,0.2103,0.0892,0.1184,0.1548,0.1727,0.1563,0.2103,0.1727
300001199,White,Woman,Some College,R,Increasing size of House of Representatives,FALSE,0.2907,0.2999,0.2382,0.3603,0.2683,0.2961,0.3235,0.2414,0.2046,0.3603,0.3235
300001217,White,Man,HS or Less,R,Increasing size of House of Representatives,FALSE,0.0786,0.0503,0.031,0.1012,-0.0177,0.0132,0.2237,0.0866,0.0532,0.1012,0.2237
300001225,White,Man,Post-Grad,R,Increasing size of House of Representatives,FALSE,0.5083,0.3794,0.491,0.5412,0.4621,0.6271,0.4833,0.2324,0.4363,0.5412,0.6271
300001243,White,Woman,4-Year,R,Increasing size of House of Representatives,FALSE,0.1188,0.1234,0.2303,0.2288,0.1359,0.1476,0.1531,0.2285,0.1091,0.2303,0.2285
300001256,Black,Woman,Some College,D,Increasing size of House of Representatives,FALSE,0.0202,0.1174,0.0746,0.0307,-0.0072,-0.0164,0.0711,0.0869,0.0304,0.1174,0.0869
300001269,White,Man,Post-Grad,D,Increasing size of House of Representatives,FALSE,0.4978,0.1847,0.5535,0.5217,0.3548,0.5242,0.4495,0.1539,0.3964,0.5535,0.5242
300001273,White,Woman,HS or Less,R,Increasing size of House of Representatives,FALSE,0.1888,0.1679,0.1136,0.234,0.1506,0.1703,0.2479,0.3134,0.0914,0.234,0.3134
300001279,White,Woman,4-Year,R,Increasing size of House of Representatives,FALSE,0.3015,0.4206,0.2331,0.4491,0.2723,0.272,0.2372,0.1359,0.2048,0.4491,0.2723
300001292,White,Man,4-Year,R,Increasing size of House of Representatives,FALSE,0.459,0.3474,0.4485,0.3875,0.3866,0.4337,0.5162,0.2456,0.3871,0.4485,0.5162
300001300,White,Woman,Some College,R,Increasing size of House of Representatives,FALSE,0.3009,0.0981,0.4266,0.2982,0.225,0.3508,0.3165,0.1217,0.2515,0.4266,0.3508
300001329,White,Man,Some College,I,Increasing size of House of Representatives,FALSE,0.0684,0.196,-0.0174,0.1483,0.1046,0.0473,0.0198,0.0429,0.0759,0.196,0.1046
300001374,All Other,Man,4-Year,R,Increasing size of House of Representatives,FALSE,0.2736,0.2538,0.3132,0.4051,0.336,0.3941,0.3155,0.2874,0.2864,0.4051,0.3941
300001419,White,Man,Some College,R,Increasing size of House of Representatives,FALSE,0.2726,0.1535,0.2261,0.233,0.1842,0.2938,0.2225,0.0316,0.1665,0.233,0.2938
300001432,White,Man,Post-Grad,R,Increasing size of House of Representatives,FALSE,0.431,0.1481,0.4931,0.4191,0.345,0.5591,0.3953,0.1384,0.3453,0.4931,0.5591
300001434,White,Man,4-Year,I,Increasing size of House of Representatives,FALSE,0.4452,0.1279,0.4338,0.4526,0.2784,0.3312,0.3999,0.1766,0.397,0.4526,0.3999
300001436,White,Woman,Post-Grad,I,Increasing size of House of Representatives,FALSE,0.3452,0.4569,0.3653,0.4273,0.421,0.4542,0.3574,0.2791,0.3488,0.4569,0.4542
300001466,White,Man,4-Year,R,Increasing size of House of Representatives,FALSE,0.3093,0.2012,0.2877,0.3171,0.2585,0.2786,0.1783,0.177,0.2258,0.3171,0.2786
300001522,White,Man,Post-Grad,R,Increasing size of House of Representatives,FALSE,0.2105,0.2255,0.1472,0.3126,0.1764,0.1163,0.1062,0.0811,0.1639,0.3126,0.1764
300001547,White,Man,HS or Less,R,Increasing size of House of Representatives,FALSE,0.2674,0.2069,0.2226,0.2195,0.2439,0.1973,0.1695,0.2038,0.2668,0.2226,0.2668
300001570,White,Man,Some College,I,Increasing size of House of Representatives,FALSE,0.4238,0.2914,0.4086,0.363,0.3767,0.4022,0.4407,0.2063,0.3558,0.4086,0.4407
300001577,White,Man,4-Year,I,Increasing size of House of Representatives,FALSE,0.1665,0.0663,0.1104,0.231,0.1039,0.0808,0.1304,0.073,0.2055,0.231,0.2055
300001581,White,Man,4-Year,I,Increasing size of House of Representatives,FALSE,0.2323,0.0709,0.3277,0.3918,0.1356,0.2433,0.1757,0.3074,0.2194,0.3918,0.3074
300001602,White,Woman,4-Year,D,Increasing size of House of Representatives,FALSE,0.4255,0.3398,0.3653,0.4306,0.3232,0.4091,0.4639,0.1785,0.3614,0.4306,0.4639
300001611,White,Man,4-Year,I,Increasing size of House of Representatives,FALSE,0.1977,0.1429,0.2772,0.2916,0.1723,0.2368,0.1445,0.2796,0.1754,0.2916,0.2796
300001630,White,Man,Post-Grad,D,Increasing size of House of Representatives,FALSE,0.6009,0.2902,0.5604,0.5409,0.5291,0.7006,0.6259,0.1618,0.5118,0.5604,0.7006
300001658,All Other,Man,Some College,I,Increasing size of House of Representatives,FALSE,0.4062,0.2668,0.4376,0.4303,0.3032,0.4471,0.3862,0.105,0.3326,0.4376,0.4471
300001687,White,Man,4-Year,R,Increasing size of House of Representatives,FALSE,0.3353,0.19,0.2688,0.4197,0.1809,0.3132,0.3953,0.1268,0.2545,0.4197,0.3953
300001699,White,Man,Some College,R,Increasing size of House of Representatives,FALSE,0.3888,0.1974,0.3792,0.4339,0.2934,0.4375,0.3297,0.1509,0.2683,0.4339,0.4375
300001737,White,Man,Some College,R,Increasing size of House of Representatives,FALSE,0.1978,0.1806,0.0976,0.2211,0.09,0.0323,0.1476,0.2588,0.2294,0.2211,0.2588
300001750,White,Woman,Some College,R,Increasing size of House of Representatives,FALSE,0.4429,0.3372,0.4466,0.4731,0.4951,0.6428,0.5168,0.1555,0.3877,0.4731,0.6428
300001789,White,Man,Some College,R,Increasing size of House of Representatives,FALSE,0.3081,0.2419,0.296,0.5626,0.2421,0.3182,0.2447,0.1869,0.2623,0.5626,0.3182
300001790,Black,Woman,HS or Less,D,Increasing size of House of Representatives,FALSE,0.0885,0.1414,0.0477,0.0692,-0.0097,-0.0006,0.1498,0.0717,0.0136,0.1414,0.1498
100000010,All Other,Man,HS or Less,R,Increasing size of House of Representatives,TRUE,0.0436,0.041,0.1411,0.0079,0.1284,0.1608,-0.0113,0.0449,0.0437,0.1411,0.1608
100000012,White,Woman,HS or Less,R,Increasing size of House of Representatives,TRUE,0.1216,0.1966,0.0586,0.1151,0.2399,0.057,0.0892,0.1592,0.1848,0.1966,0.2399
100000013,White,Man,HS or Less,I,Increasing size of House of Representatives,TRUE,0.22,0.2543,0.0666,0.1365,0.2038,0.172,0.0991,0.2186,0.1439,0.2543,0.2186
100000029,Black,Man,HS or Less,D,Increasing size of House of Representatives,TRUE,0.0678,0.1525,0.0193,0.0753,0.171,0.0776,0.0494,0.0682,0.0882,0.1525,0.171
100000036,White,Man,Some College,D,Increasing size of House of Representatives,TRUE,0.1396,0.179,0.1098,0.0127,0.2523,0.1112,0.2297,0.0779,0.1916,0.179,0.2523
100000038,White,Man,Some College,I,Increasing size of House of Representatives,TRUE,0.3017,0.3374,0.2409,0.201,0.3941,0.24,0.11,0.3691,0.1896,0.3374,0.3941
100000045,White,Man,HS or Less,R,Increasing size of House of Representatives,TRUE,0.1386,0.2764,0.109,0.1008,0.3017,0.1706,0.2181,0.2623,0.3024,0.2764,0.3024
100000052,White,Man,4-Year,D,Increasing size of House of Representatives,TRUE,-0.041,0.0419,0.0246,-0.1295,0.0822,0.068,0.1144,-0.0163,0.1301,0.0419,0.1301
100000053,Hispanic,Woman,4-Year,I,Increasing size of House of Representatives,TRUE,0.4803,0.5204,0.4007,0.3396,0.5075,0.3746,0.2584,0.4368,0.2934,0.5204,0.5075
100000064,White,Man,HS or Less,I,Increasing size of House of Representatives,TRUE,0.0961,0.1721,0.0559,0.0863,0.1831,0.1321,0.1129,0.1534,0.0789,0.1721,0.1831
100000073,White,Man,HS or Less,D,Increasing size of House of Representatives,TRUE,0.4116,0.3734,0.3186,0.2965,0.4037,0.3274,0.109,0.4052,0.3211,0.3734,0.4052
100000086,Black,Woman,HS or Less,D,Increasing size of House of Representatives,TRUE,-0.0245,0.0967,-0.021,0.0015,0.1233,0.041,0.1179,0.0457,0.0141,0.0967,0.1233
100000103,White,Woman,Some College,R,Increasing size of House of Representatives,TRUE,0.276,0.2858,0.0711,0.2501,0.2828,0.1473,0.1543,0.1853,0.2725,0.2858,0.2828
100000115,White,Woman,HS or Less,R,Increasing size of House of Representatives,TRUE,0.1552,0.1703,0.0466,0.0841,0.1263,0.0793,0.069,0.1242,0.1396,0.1703,0.1396
100000130,White,Man,HS or Less,R,Increasing size of House of Representatives,TRUE,0.471,0.525,0.4433,0.3529,0.4621,0.5886,0.3239,0.4324,0.295,0.525,0.5886
100000132,White,Man,Some College,D,Increasing size of House of Representatives,TRUE,0.0511,0.0485,0.0095,0.0011,0.0976,-0.0213,0.0176,0.1215,0.0497,0.0485,0.1215
100000180,Black,Woman,4-Year,I,Increasing size of House of Representatives,TRUE,0.3998,0.3616,0.3381,0.328,0.3118,0.3451,0.2587,0.3661,0.2807,0.3616,0.3661
100000189,White,Woman,Post-Grad,D,Increasing size of House of Representatives,TRUE,0.3688,0.3842,0.4769,0.1892,0.3454,0.387,0.2737,0.3163,0.2744,0.4769,0.387
100000194,White,Man,HS or Less,R,Increasing size of House of Representatives,TRUE,0.2918,0.4602,0.3119,0.1655,0.4606,0.2849,0.2576,0.2825,0.2194,0.4602,0.4606
100000212,White,Woman,4-Year,I,Increasing size of House of Representatives,TRUE,0.1517,0.0081,-0.027,0.0888,0.0697,-0.0705,-0.0222,0.0396,0.0746,0.0888,0.0746
100000215,White,Man,HS or Less,R,Increasing size of House of Representatives,TRUE,-0.0476,-0.0185,-0.0022,-0.0407,0.0063,-0.041,0.0824,0.0222,-0.004,-0.0022,0.0824
100000228,Hispanic,Man,Some College,D,Increasing size of House of Representatives,TRUE,0.3639,0.4069,0.2141,0.3257,0.4049,0.3126,0.2032,0.3378,0.4283,0.4069,0.4283
100000248,Hispanic,Woman,4-Year,D,Increasing size of House of Representatives,TRUE,0.0862,0.0799,0.0226,0.022,0.1591,0.026,-0.0086,0.0685,0.1087,0.0799,0.1591
100000257,Asian,Man,Some College,D,Increasing size of House of Representatives,TRUE,0.2118,0.2211,0.083,0.1668,0.2301,0.0954,0.1146,0.1425,0.1277,0.2211,0.2301
100000258,White,Man,HS or Less,I,Increasing size of House of Representatives,TRUE,0.0536,0.0641,-0.0015,0.0233,0.0841,0.0449,0.0795,0.0315,0.0673,0.0641,0.0841
100000270,Black,Woman,4-Year,D,Increasing size of House of Representatives,TRUE,0.0281,0.0876,-0.0219,0.0213,0.1088,0.0386,0.0203,0.0815,0.0306,0.0876,0.1088
100000290,Asian,Man,4-Year,D,Increasing size of House of Representatives,TRUE,-0.0182,-0.0142,-0.0211,0.0061,0.0267,-0.0243,-0.0927,-0.0622,-0.0217,0.0061,0.0267
100000292,White,Man,HS or Less,I,Increasing size of House of Representatives,TRUE,0.164,0.2033,0.1949,0.1388,0.3199,0.2094,0.0684,0.2031,0.0583,0.2033,0.3199
100000297,Black,Man,Some College,I,Increasing size of House of Representatives,TRUE,0.4914,0.3962,0.4587,0.346,0.3297,0.4432,0.3508,0.4246,0.3176,0.4587,0.4432
100000298,Black,Man,Some College,D,Increasing size of House of Representatives,TRUE,0.0185,0.0371,0.0592,-0.013,0.0858,0.0966,0.0171,0.0166,-0.0084,0.0592,0.0966
100000299,Black,Woman,Some College,D,Increasing size of House of Representatives,TRUE,-0.0166,0.0269,0.0131,-0.0273,0.0321,-0.0262,-0.034,-0.0074,-0.0111,0.0269,0.0321
100000335,Black,Man,4-Year,D,Increasing size of House of Representatives,TRUE,0.4252,0.4687,0.3247,0.1734,0.4836,0.3553,0.3577,0.34,0.3803,0.4687,0.4836
100000343,Hispanic,Woman,Post-Grad,D,Increasing size of House of Representatives,TRUE,0.2103,0.1917,0.1637,0.0834,0.1926,0.181,0.1277,0.2249,0.2497,0.1917,0.2497
100000364,Black,Woman,4-Year,D,Increasing size of House of Representatives,TRUE,0.2759,0.1924,0.1697,0.2204,0.1384,0.1873,0.2054,0.1603,0.1653,0.2204,0.2054
100000371,Black,Woman,4-Year,R,Increasing size of House of Representatives,TRUE,0.4883,0.394,0.3229,0.3265,0.3491,0.3249,0.2746,0.4564,0.2776,0.394,0.4564
100000373,White,Man,Some College,D,Increasing size of House of Representatives,TRUE,0.4487,0.4722,0.5112,0.2522,0.4329,0.4842,0.4105,0.4181,0.2809,0.5112,0.4842
100000374,White,Woman,Post-Grad,D,Increasing size of House of Representatives,TRUE,0.4359,0.256,0.3108,0.3123,0.2225,0.271,0.1757,0.2746,0.0928,0.3123,0.2746
100000399,White,Man,HS or Less,D,Increasing size of House of Representatives,TRUE,0.3019,0.4186,0.3981,0.1953,0.3345,0.435,0.3558,0.3838,0.3121,0.4186,0.435
100000405,White,other gender,4-Year,I,Increasing size of House of Representatives,TRUE,0.6181,0.5418,0.5151,0.473,0.4655,0.5331,0.3299,0.5485,0.4023,0.5418,0.5485
100000418,Hispanic,Man,Some College,D,Increasing size of House of Representatives,TRUE,0.3691,0.3684,0.2955,0.2577,0.4125,0.334,0.2857,0.4541,0.3619,0.3684,0.4541
100000426,Asian,Woman,4-Year,D,Increasing size of House of Representatives,TRUE,0.5315,0.6026,0.5328,0.2396,0.4518,0.6586,0.4992,0.3459,0.3245,0.6026,0.6586
100000441,Hispanic,Woman,Some College,D,Increasing size of House of Representatives,TRUE,0.3465,0.3285,0.2383,0.2051,0.2371,0.2517,0.2628,0.1523,0.3564,0.3285,0.3564
100000449,White,Man,HS or Less,R,Increasing size of House of Representatives,TRUE,0.1024,0.131,0.0855,0.0809,0.2375,0.1162,0.0789,0.2259,0.1243,0.131,0.2375
100000450,Black,Man,Some College,D,Increasing size of House of Representatives,TRUE,0.0256,0.0257,-0.0023,-0.0024,0.0395,0,-0.0172,0.0913,-0.0062,0.0257,0.0913
100000463,White,Woman,4-Year,D,Increasing size of House of Representatives,TRUE,0.2303,0.1489,0.1021,0.4213,0.1591,0.1356,0.0282,0.1144,0.1149,0.4213,0.1591
100000466,Hispanic,Man,Some College,R,Increasing size of House of Representatives,TRUE,0.1713,0.1984,0.1346,0.0664,0.1814,0.1933,0.153,0.1972,0.1708,0.1984,0.1972
100000468,All Other,Man,HS or Less,R,Increasing size of House of Representatives,TRUE,0.0722,0.1819,0.0973,0.0937,0.2081,0.1129,0.1087,0.1892,0.1712,0.1819,0.2081
100000495,White,Woman,4-Year,D,Increasing size of House of Representatives,TRUE,0.1458,0.0475,-0.0089,0.0811,0.1542,0.0477,-0.0902,0.0466,0.0813,0.0811,0.1542
100000504,White,Man,Some College,I,Increasing size of House of Representatives,TRUE,0.2095,0.2313,0.1893,0.1852,0.2788,0.1317,0.1072,0.2961,0.1546,0.2313,0.2961
100000512,White,Man,HS or Less,I,Increasing size of House of Representatives,TRUE,0.5485,0.4843,0.4344,0.4711,0.4449,0.4329,0.2885,0.3994,0.4381,0.4843,0.4449
100000555,Black,Woman,HS or Less,D,Increasing size of House of Representatives,TRUE,0.0756,0.0672,0.0047,-0.0075,0.114,0.0748,-0.0008,0.02,0.044,0.0672,0.114
100000556,Black,Man,Some College,I,Increasing size of House of Representatives,TRUE,0.3751,0.5,0.3717,0.1772,0.4967,0.3514,0.2712,0.3239,0.2202,0.5,0.4967
100000575,White,Man,Some College,I,Increasing size of House of Representatives,TRUE,0.3989,0.3242,0.5329,0.2781,0.2773,0.492,0.2933,0.3135,0.168,0.5329,0.492
100000578,Black,Man,HS or Less,I,Increasing size of House of Representatives,TRUE,0.02,-0.0201,0.0512,-0.0046,0.1752,0.0856,-0.0996,0.1129,-0.037,0.0512,0.1752
100000603,White,Woman,4-Year,D,Increasing size of House of Representatives,TRUE,0.0616,0.0903,-0.0131,0.0748,0.0679,0.0266,0.0492,0.0006,0.0461,0.0903,0.0679
100000616,White,Man,Some College,I,Increasing size of House of Representatives,TRUE,0.3826,0.5197,0.4305,0.3564,0.4964,0.4167,0.2737,0.4376,0.3381,0.5197,0.4964
100000622,White,Man,Some College,D,Increasing size of House of Representatives,TRUE,0.1971,0.1189,0.0728,0.0518,0.1965,0.1703,0.0594,0.2014,0.0759,0.1189,0.2014
100000644,Black,Man,HS or Less,I,Increasing size of House of Representatives,TRUE,0.1794,0.2616,0.1501,0.1439,0.3464,0.1621,0.072,0.2575,0.2939,0.2616,0.3464
100000657,White,Woman,4-Year,R,Increasing size of House of Representatives,TRUE,0.1615,0.1325,0.0614,0.062,0.2137,0.1325,0.0416,0.1654,0.1473,0.1325,0.2137
100000681,White,Man,4-Year,D,Increasing size of House of Representatives,TRUE,0.4516,0.4713,0.5155,0.3205,0.4244,0.4965,0.2928,0.4364,0.3665,0.5155,0.4965
100000688,White,Woman,4-Year,D,Increasing size of House of Representatives,TRUE,0.017,0.0941,0.049,0.0546,0.1446,0.0808,0.0821,0.0655,0.1267,0.0941,0.1446
100000720,White,Woman,4-Year,R,Increasing size of House of Representatives,TRUE,0.5004,0.5152,0.5072,0.2695,0.3666,0.5842,0.4723,0.3319,0.3947,0.5152,0.5842
100000721,White,Woman,HS or Less,D,Increasing size of House of Representatives,TRUE,0.5302,0.5762,0.4577,0.2039,0.2496,0.5339,0.6723,0.2489,0.2549,0.5762,0.6723
100000723,Black,Man,Post-Grad,D,Increasing size of House of Representatives,TRUE,0.4725,0.6223,0.4378,0.3987,0.6334,0.4295,0.352,0.4295,0.3886,0.6223,0.6334
100000730,White,Woman,Post-Grad,R,Increasing size of House of Representatives,TRUE,0.4266,0.4241,0.4049,0.2415,0.2654,0.5448,0.3571,0.2427,0.3001,0.4241,0.5448
100000732,White,Man,Some College,I,Increasing size of House of Representatives,TRUE,0.4796,0.6017,0.3278,0.2365,0.2742,0.3595,0.7004,0.2505,0.344,0.6017,0.7004
100000740,White,Man,HS or Less,D,Increasing size of House of Representatives,TRUE,0.1908,0.2267,0.1809,0.0742,0.2732,0.193,0.1253,0.2182,0.2317,0.2267,0.2732
100000757,All Other,Man,Post-Grad,D,Increasing size of House of Representatives,TRUE,0.4821,0.5939,0.3891,0.2743,0.5986,0.3497,0.3176,0.4163,0.4258,0.5939,0.5986
100000761,White,Woman,Some College,D,Increasing size of House of Representatives,TRUE,0.4945,0.585,0.408,0.2019,0.2368,0.4209,0.6836,0.2425,0.249,0.585,0.6836
100000795,White,Man,Post-Grad,D,Increasing size of House of Representatives,TRUE,0.4439,0.4673,0.629,0.2269,0.4229,0.5445,0.3483,0.4529,0.2778,0.629,0.5445
100000806,White,Man,Post-Grad,D,Increasing size of House of Representatives,TRUE,0.1696,0.2628,0.3309,0.078,0.1919,0.1667,0.2363,0.2066,0.2671,0.3309,0.2671
100000840,White,Woman,HS or Less,D,Increasing size of House of Representatives,TRUE,0.5027,0.4672,0.5166,0.2865,0.2926,0.6626,0.392,0.2649,0.3016,0.5166,0.6626
100000858,White,Woman,4-Year,I,Increasing size of House of Representatives,TRUE,0.4724,0.5058,0.4543,0.3487,0.435,0.4699,0.3676,0.3879,0.3585,0.5058,0.4699
100000861,White,Man,Some College,R,Increasing size of House of Representatives,TRUE,0.3256,0.5077,0.3955,0.2253,0.4852,0.4771,0.4105,0.3028,0.3287,0.5077,0.4852
100000862,White,Woman,Some College,R,Increasing size of House of Representatives,TRUE,0.2668,0.3045,0.2781,0.2073,0.2358,0.2374,0.3038,0.1674,0.2584,0.3045,0.3038
100000959,White,Man,HS or Less,D,Increasing size of House of Representatives,TRUE,0.444,0.4787,0.5178,0.2284,0.4042,0.6056,0.3435,0.3724,0.2378,0.5178,0.6056
100001027,White,Woman,Some College,D,Increasing size of House of Representatives,TRUE,0.3451,0.437,0.3316,0.3061,0.5128,0.348,0.1715,0.4486,0.266,0.437,0.5128
100001043,Black,Woman,HS or Less,D,Increasing size of House of Representatives,TRUE,0.2379,0.2636,0.2275,0.0853,0.2602,0.2533,0.1691,0.2844,0.2923,0.2636,0.2923
100001054,White,Woman,4-Year,D,Increasing size of House of Representatives,TRUE,0.5841,0.6078,0.5943,0.3254,0.4726,0.673,0.516,0.3976,0.3429,0.6078,0.673
100001070,White,Woman,4-Year,I,Increasing size of House of Representatives,TRUE,0.2605,0.236,0.2328,0.2698,0.2774,0.3388,0.0888,0.2651,0.1797,0.2698,0.3388
100001094,White,Woman,Post-Grad,D,Increasing size of House of Representatives,TRUE,0.6215,0.6865,0.4791,0.3279,0.3802,0.5485,0.6995,0.3229,0.3952,0.6865,0.6995
100001116,White,Woman,4-Year,D,Increasing size of House of Representatives,TRUE,0.5496,0.7269,0.4562,0.2665,0.4759,0.4426,0.6642,0.3605,0.3805,0.7269,0.6642
100001128,Black,Man,4-Year,R,Increasing size of House of Representatives,TRUE,0.1911,0.2267,0.1909,0.078,0.2394,0.2147,0.1561,0.2957,0.2182,0.2267,0.2957
100001131,White,Woman,Some College,R,Increasing size of House of Representatives,TRUE,-0.0664,-0.0634,-0.0899,-0.035,-0.0645,-0.108,-0.0622,-0.0211,-0.0711,-0.035,-0.0211
100001146,White,Man,Some College,I,Increasing size of House of Representatives,TRUE,0.2842,0.3487,0.2377,0.181,0.2898,0.2354,0.2872,0.2295,0.2562,0.3487,0.2898
100001151,White,Man,HS or Less,D,Increasing size of House of Representatives,TRUE,0.1134,0.1725,0.0962,0.2093,0.24,0.1337,0.0713,0.0919,0.3101,0.2093,0.3101
100001156,White,Woman,4-Year,I,Increasing size of House of Representatives,TRUE,0.4816,0.4471,0.4024,0.244,0.3491,0.4375,0.3538,0.3529,0.505,0.4471,0.505
100001208,White,Man,HS or Less,I,Increasing size of House of Representatives,TRUE,0.2278,0.3694,0.1714,0.1383,0.3546,0.1782,0.3237,0.1885,0.243,0.3694,0.3546
100001209,White,Woman,4-Year,D,Increasing size of House of Representatives,TRUE,0.4918,0.5139,0.4891,0.2569,0.498,0.4451,0.3801,0.411,0.3183,0.5139,0.498
100001219,White,Woman,4-Year,I,Increasing size of House of Representatives,TRUE,0.4486,0.4305,0.4655,0.2817,0.4198,0.404,0.319,0.4408,0.31,0.4655,0.4408
200000056,White,Man,Post-Grad,D,Increasing size of House of Representatives,TRUE,0.6194,0.5134,0.5309,0.4287,0.3766,0.6157,0.3942,0.3876,0.3426,0.5309,0.6157
200000074,White,Man,Some College,D,Increasing size of House of Representatives,TRUE,0.2619,0.3738,0.2175,0.2001,0.4401,0.2985,0.2277,0.2909,0.3728,0.3738,0.4401
200000093,White,Woman,4-Year,D,Increasing size of House of Representatives,TRUE,0.5367,0.6174,0.6699,0.3117,0.5535,0.5462,0.4726,0.5156,0.3971,0.6699,0.5535
200000095,White,Woman,Post-Grad,D,Increasing size of House of Representatives,TRUE,0.5789,0.6623,0.421,0.3139,0.4114,0.4858,0.5974,0.3071,0.4984,0.6623,0.5974
200000151,White,Man,4-Year,R,Increasing size of House of Representatives,TRUE,0.3892,0.5686,0.3972,0.1905,0.6274,0.4097,0.3547,0.4045,0.3886,0.5686,0.6274
200000182,White,Man,4-Year,D,Increasing size of House of Representatives,TRUE,0.5714,0.7219,0.4647,0.2939,0.4895,0.4535,0.6472,0.3334,0.4028,0.7219,0.6472
200000240,White,Man,4-Year,D,Increasing size of House of Representatives,TRUE,0.5302,0.4105,0.5209,0.4444,0.3324,0.469,0.2592,0.4227,0.3003,0.5209,0.469
200000319,All Other,Woman,4-Year,D,Increasing size of House of Representatives,TRUE,0.557,0.5933,0.5048,0.2909,0.3253,0.6178,0.579,0.284,0.3025,0.5933,0.6178
200000333,White,Woman,4-Year,D,Increasing size of House of Representatives,TRUE,0.4465,0.3928,0.4499,0.3129,0.3397,0.3864,0.3365,0.361,0.2686,0.4499,0.3864
200000343,White,Man,Some College,I,Increasing size of House of Representatives,TRUE,0.5425,0.6172,0.4936,0.3713,0.5913,0.613,0.3944,0.4187,0.349,0.6172,0.613
200000350,White,Woman,4-Year,D,Increasing size of House of Representatives,TRUE,0.4743,0.4925,0.3299,0.2927,0.3053,0.4771,0.4342,0.3015,0.3862,0.4925,0.4771
200000428,White,Woman,4-Year,I,Increasing size of House of Representatives,TRUE,0.3996,0.4888,0.4567,0.247,0.3466,0.5712,0.4381,0.2693,0.4425,0.4888,0.5712
200000433,Black,Man,Some College,D,Increasing size of House of Representatives,TRUE,0.2226,0.3624,0.2376,0.2081,0.4196,0.2957,0.1109,0.335,0.1689,0.3624,0.4196
200000468,White,Woman,Post-Grad,D,Increasing size of House of Representatives,TRUE,0.4885,0.4576,0.404,0.3129,0.2922,0.5408,0.3694,0.2303,0.3766,0.4576,0.5408
200000549,White,Man,Post-Grad,R,Increasing size of House of Representatives,TRUE,0.4767,0.499,0.5885,0.3256,0.4918,0.5554,0.3325,0.4776,0.3476,0.5885,0.5554
200000563,White,Woman,Post-Grad,D,Increasing size of House of Representatives,TRUE,0.3471,0.3667,0.2721,0.2496,0.3891,0.3826,0.1463,0.3546,0.2648,0.3667,0.3891
200000597,White,Man,Some College,D,Increasing size of House of Representatives,TRUE,0.4385,0.5293,0.4242,0.2421,0.5468,0.3626,0.2748,0.392,0.2348,0.5293,0.5468
200000657,White,Man,4-Year,D,Increasing size of House of Representatives,TRUE,0.6109,0.5891,0.6508,0.3738,0.5109,0.7181,0.3976,0.4932,0.3123,0.6508,0.7181
200000663,White,Man,Some College,D,Increasing size of House of Representatives,TRUE,0.6025,0.4307,0.4798,0.4661,0.3796,0.4845,0.3332,0.4843,0.2478,0.4798,0.4845
200000710,White,Woman,4-Year,D,Increasing size of House of Representatives,TRUE,0.1281,-0.012,-0.0206,0.0953,0.1065,0.0364,-0.1048,0.0251,-0.0096,0.0953,0.1065
200000761,All Other,Man,4-Year,D,Increasing size of House of Representatives,TRUE,0.4273,0.3493,0.2832,0.3378,0.3054,0.3167,0.1987,0.2731,0.5665,0.3493,0.5665
200000766,White,Man,Some College,R,Increasing size of House of Representatives,TRUE,0.3643,0.4164,0.4106,0.0743,0.4419,0.3394,0.4825,0.37,0.2414,0.4164,0.4825
200000865,White,Man,Some College,D,Increasing size of House of Representatives,TRUE,0.33,0.3288,0.2993,0.2763,0.3657,0.2452,0.1937,0.2967,0.2816,0.3288,0.3657
200000868,White,Man,4-Year,D,Increasing size of House of Representatives,TRUE,0.5221,0.4761,0.3953,0.337,0.3778,0.4458,0.3292,0.3545,0.3149,0.4761,0.4458
200000880,White,Man,Some College,I,Increasing size of House of Representatives,TRUE,0.1787,0.1548,0.0886,0.117,0.2075,0.0953,0.0278,0.1706,0.0387,0.1548,0.2075
200001025,All Other,Woman,Some College,D,Increasing size of House of Representatives,TRUE,0.3239,0.3763,0.3053,0.1356,0.3999,0.3105,0.3666,0.2255,0.3126,0.3763,0.3999
200001057,All Other,Woman,Post-Grad,D,Increasing size of House of Representatives,TRUE,0.5431,0.6754,0.5308,0.342,0.6899,0.4917,0.386,0.585,0.3198,0.6754,0.6899
200001181,Black,Man,Post-Grad,D,Increasing size of House of Representatives,TRUE,0.4094,0.3418,0.3757,0.2465,0.3974,0.3792,0.2537,0.4361,0.3549,0.3757,0.4361
200001210,White,Woman,4-Year,D,Increasing size of House of Representatives,TRUE,0.2086,0.2132,0.0897,0.1412,0.2338,0.1165,0.0246,0.125,0.1246,0.2132,0.2338
200001212,White,Woman,4-Year,R,Increasing size of House of Representatives,TRUE,0.035,0.0773,0.0197,0.0622,0.1323,0.0439,0.0587,0.1257,0.0513,0.0773,0.1323
200001213,White,Man,Post-Grad,D,Increasing size of House of Representatives,TRUE,0.4574,0.6168,0.3994,0.2795,0.7036,0.4134,0.2395,0.4482,0.2659,0.6168,0.7036
200001257,White,Man,Post-Grad,I,Increasing size of House of Representatives,TRUE,0.2364,0.263,0.2347,0.1942,0.2813,0.153,0.139,0.3814,0.1416,0.263,0.3814
200001258,White,Woman,Some College,R,Increasing size of House of Representatives,TRUE,0.4268,0.5226,0.3937,0.2957,0.4741,0.3996,0.4338,0.3702,0.4035,0.5226,0.4741
200001284,White,Man,Some College,D,Increasing size of House of Representatives,TRUE,0.5308,0.6237,0.4851,0.3406,0.6524,0.505,0.3686,0.435,0.3516,0.6237,0.6524
200001287,Black,Man,HS or Less,D,Increasing size of House of Representatives,TRUE,0.4179,0.5996,0.3253,0.2932,0.5595,0.346,0.3525,0.3671,0.3518,0.5996,0.5595
200001319,All Other,Woman,Post-Grad,D,Increasing size of House of Representatives,TRUE,0.3083,0.3018,0.4547,0.2383,0.2063,0.3722,0.3804,0.2794,0.1357,0.4547,0.3804
200001321,White,Man,Some College,D,Increasing size of House of Representatives,TRUE,0.3945,0.3549,0.4194,0.2227,0.238,0.4082,0.3515,0.2484,0.2762,0.4194,0.4082
200001355,White,Man,Post-Grad,D,Increasing size of House of Representatives,TRUE,0.2665,0.2371,0.1691,0.2159,0.2802,0.1795,0.1248,0.305,0.1908,0.2371,0.305
200001356,White,other gender,Some College,D,Increasing size of House of Representatives,TRUE,0.591,0.6391,0.5611,0.3418,0.6027,0.5513,0.4513,0.4566,0.3276,0.6391,0.6027
200001389,All Other,Man,Some College,D,Increasing size of House of Representatives,TRUE,0.4609,0.4832,0.4409,0.244,0.5115,0.446,0.3365,0.37,0.2888,0.4832,0.5115
200001397,White,Woman,4-Year,R,Increasing size of House of Representatives,TRUE,0.2511,0.2033,0.1786,0.1906,0.2876,0.2248,0.0966,0.2649,0.2089,0.2033,0.2876
200001411,White,Woman,Post-Grad,R,Increasing size of House of Representatives,TRUE,0.2133,0.081,0.0298,0.0924,0.1929,0.0996,-0.0635,0.1821,0.095,0.0924,0.1929
200001453,White,Man,Some College,I,Increasing size of House of Representatives,TRUE,0.4731,0.4231,0.5045,0.3473,0.3738,0.6114,0.322,0.3543,0.2955,0.5045,0.6114
200001458,White,Woman,4-Year,R,Increasing size of House of Representatives,TRUE,0.0863,0.0776,0.0958,0.0393,0.1403,0.1488,0.0099,0.1247,0.0656,0.0958,0.1488
200001470,White,Woman,Post-Grad,D,Increasing size of House of Representatives,TRUE,0.6137,0.5967,0.7057,0.4741,0.4539,0.7042,0.4877,0.4943,0.4001,0.7057,0.7042
200001471,White,Man,4-Year,R,Increasing size of House of Representatives,TRUE,0.5412,0.5124,0.4135,0.3756,0.4866,0.4043,0.2996,0.4259,0.3979,0.5124,0.4866
200001483,White,Woman,4-Year,D,Increasing size of House of Representatives,TRUE,0.3115,0.3357,0.318,0.2031,0.4029,0.2743,0.2257,0.3082,0.2234,0.3357,0.4029
200001509,Black,Woman,4-Year,D,Increasing size of House of Representatives,TRUE,0.3099,0.3783,0.3059,0.1777,0.3937,0.2285,0.2857,0.2907,0.2673,0.3783,0.3937
200001513,White,Man,Some College,D,Increasing size of House of Representatives,TRUE,0.4125,0.4954,0.3682,0.2104,0.5119,0.3495,0.2778,0.3564,0.3474,0.4954,0.5119
200001573,White,Woman,4-Year,D,Increasing size of House of Representatives,TRUE,0.6516,0.4629,0.4829,0.4686,0.5089,0.4979,0.2048,0.5201,0.2656,0.4829,0.5201
200001643,White,Man,Some College,D,Increasing size of House of Representatives,TRUE,0.4556,0.3798,0.4232,0.3216,0.3729,0.4339,0.2413,0.3399,0.3032,0.4232,0.4339
200001653,White,Man,Some College,D,Increasing size of House of Representatives,TRUE,0.4371,0.3872,0.5161,0.3314,0.3775,0.482,0.231,0.4261,0.2228,0.5161,0.482
200001719,White,Man,Some College,D,Increasing size of House of Representatives,TRUE,0.2682,0.2682,0.1702,0.252,0.301,0.1938,0.0751,0.3537,0.3147,0.2682,0.3537
200001764,White,Woman,4-Year,I,Increasing size of House of Representatives,TRUE,0.6062,0.5069,0.6438,0.4805,0.4551,0.6191,0.3755,0.5094,0.3298,0.6438,0.6191
200001771,Asian,Man,Some College,R,Increasing size of House of Representatives,TRUE,0.1268,0.2346,0.2314,0.0649,0.2021,0.3055,0.2049,0.1154,0.1949,0.2346,0.3055
200001773,All Other,other gender,Some College,D,Increasing size of House of Representatives,TRUE,0.2307,0.2112,0.1634,0.2498,0.1941,0.1216,0.1201,0.1984,0.2837,0.2498,0.2837
200001806,White,Man,Post-Grad,D,Increasing size of House of Representatives,TRUE,0.259,0.2508,0.2004,0.2502,0.3039,0.3175,0.1237,0.2567,0.2334,0.2508,0.3175
200001867,White,Woman,Some College,D,Increasing size of House of Representatives,TRUE,0.1958,0.2819,0.2553,0.095,0.334,0.2556,0.1318,0.3017,0.1461,0.2819,0.334
200001888,White,Man,Post-Grad,I,Increasing size of House of Representatives,TRUE,0.1537,0.1658,0.1827,0.1261,0.1317,0.1339,0.1431,0.1926,0.2562,0.1827,0.2562
200001896,White,Woman,4-Year,R,Increasing size of House of Representatives,TRUE,0.2289,0.2684,0.1759,0.2088,0.2657,0.2077,0.1647,0.2666,0.2628,0.2684,0.2666
200001898,White,Woman,4-Year,D,Increasing size of House of Representatives,TRUE,0.5558,0.547,0.4562,0.382,0.521,0.4814,0.3851,0.4013,0.4531,0.547,0.521
200001914,White,Woman,4-Year,I,Increasing size of House of Representatives,TRUE,0.5732,0.5054,0.5496,0.4746,0.4744,0.521,0.3098,0.5172,0.2703,0.5496,0.521
200001932,White,Man,4-Year,D,Increasing size of House of Representatives,TRUE,0.4407,0.4099,0.5655,0.2586,0.3829,0.5564,0.3445,0.4233,0.2184,0.5655,0.5564
200001986,White,Woman,Post-Grad,I,Increasing size of House of Representatives,TRUE,0.4362,0.3929,0.3631,0.2803,0.2211,0.468,0.4204,0.2228,0.3069,0.3929,0.468
200001989,White,Man,4-Year,D,Increasing size of House of Representatives,TRUE,0.4707,0.6238,0.3552,0.2602,0.2759,0.4378,0.6509,0.2582,0.2792,0.6238,0.6509
200002009,White,Woman,Post-Grad,D,Increasing size of House of Representatives,TRUE,0.4002,0.2396,0.2055,0.5866,0.1818,0.2037,0.0603,0.1721,0.2711,0.5866,0.2711
200002028,White,Man,Some College,R,Increasing size of House of Representatives,TRUE,0.3903,0.3515,0.328,0.313,0.2883,0.322,0.2521,0.3291,0.2887,0.3515,0.3291
200002066,White,Woman,4-Year,D,Increasing size of House of Representatives,TRUE,0.6042,0.4753,0.4845,0.6772,0.3559,0.4901,0.3273,0.3328,0.3183,0.6772,0.4901
200002167,Black,Woman,Some College,R,Increasing size of House of Representatives,TRUE,0.5039,0.5142,0.4717,0.4057,0.4062,0.4587,0.36,0.3995,0.3497,0.5142,0.4587
200002188,White,Man,Post-Grad,D,Increasing size of House of Representatives,TRUE,0.4089,0.6093,0.3986,0.3171,0.6221,0.4338,0.366,0.431,0.4456,0.6093,0.6221
200002218,Asian,Man,Some College,D,Increasing size of House of Representatives,TRUE,0.4732,0.4564,0.464,0.3619,0.3062,0.5794,0.43,0.2686,0.3059,0.464,0.5794
200002234,White,Woman,4-Year,D,Increasing size of House of Representatives,TRUE,0.3751,0.5,0.3717,0.1772,0.4967,0.3514,0.2712,0.3239,0.2202,0.5,0.4967
200002280,White,Man,Some College,D,Increasing size of House of Representatives,TRUE,0.3486,0.3754,0.3312,0.2348,0.3585,0.3416,0.2733,0.3299,0.2515,0.3754,0.3585
200002284,White,Man,4-Year,D,Increasing size of House of Representatives,TRUE,0.6001,0.4767,0.3627,0.4466,0.398,0.3994,0.273,0.4644,0.3136,0.4767,0.4644
200002287,White,Man,Some College,D,Increasing size of House of Representatives,TRUE,0.3952,0.4857,0.4737,0.2196,0.5134,0.4044,0.3377,0.4192,0.2954,0.4857,0.5134
200002403,White,other gender,Some College,D,Increasing size of House of Representatives,TRUE,0.5651,0.5714,0.5255,0.422,0.6489,0.5292,0.2279,0.5768,0.3301,0.5714,0.6489
200002407,White,Woman,Post-Grad,D,Increasing size of House of Representatives,TRUE,0.6462,0.5656,0.4398,0.5422,0.3319,0.4751,0.4524,0.3463,0.3928,0.5656,0.4751
200002414,White,Woman,Some College,D,Increasing size of House of Representatives,TRUE,0.5624,0.6782,0.505,0.3524,0.6835,0.4787,0.3664,0.5539,0.4116,0.6782,0.6835
200002435,All Other,other gender,4-Year,D,Increasing size of House of Representatives,TRUE,0.3342,0.3705,0.4574,0.1859,0.2969,0.3673,0.318,0.3179,0.4258,0.4574,0.4258
200002462,White,Woman,Some College,D,Increasing size of House of Representatives,TRUE,0.4493,0.6353,0.4489,0.2794,0.6223,0.3965,0.377,0.4339,0.3281,0.6353,0.6223
200002477,White,Man,Some College,D,Increasing size of House of Representatives,TRUE,0.4523,0.6237,0.4208,0.3076,0.5284,0.406,0.4077,0.4028,0.3937,0.6237,0.5284
200002496,White,Woman,Post-Grad,R,Increasing size of House of Representatives,TRUE,0.2996,0.4125,0.2193,0.2135,0.4717,0.2954,0.1386,0.305,0.187,0.4125,0.4717
200002528,White,Woman,4-Year,R,Increasing size of House of Representatives,TRUE,0.5348,0.6369,0.5134,0.2703,0.6549,0.4864,0.3714,0.5221,0.326,0.6369,0.6549
200002530,All Other,Man,Post-Grad,D,Increasing size of House of Representatives,TRUE,0.576,0.5914,0.3946,0.2891,0.3194,0.4334,0.6094,0.2475,0.4389,0.5914,0.6094
200002555,White,Woman,4-Year,R,Increasing size of House of Representatives,TRUE,0.1205,0.0932,0.0271,0.0667,0.2532,0.0578,-0.0832,0.0763,-0.0073,0.0932,0.2532
200002595,White,Man,Some College,R,Increasing size of House of Representatives,TRUE,0.3577,0.4159,0.1952,0.2388,0.4215,0.2387,0.1646,0.3788,0.346,0.4159,0.4215
200002674,White,Woman,4-Year,R,Increasing size of House of Representatives,TRUE,0.4517,0.5427,0.5056,0.307,0.4601,0.4594,0.4475,0.4119,0.3441,0.5427,0.4601
200002676,White,Woman,Post-Grad,D,Increasing size of House of Representatives,TRUE,0.382,0.3616,0.4795,0.1677,0.4557,0.4248,0.2305,0.4115,0.265,0.4795,0.4557
200002702,White,Woman,Some College,D,Increasing size of House of Representatives,TRUE,0.0959,0.1586,0.069,0.1481,0.1087,0.1596,0.1335,0.0153,0.192,0.1586,0.192
200002703,White,Man,Some College,D,Increasing size of House of Representatives,TRUE,0.4088,0.5155,0.3832,0.229,0.3078,0.3488,0.4893,0.2712,0.4002,0.5155,0.4893
200002709,White,Man,4-Year,R,Increasing size of House of Representatives,TRUE,0.4618,0.4648,0.6285,0.2525,0.4194,0.6099,0.3749,0.3854,0.2642,0.6285,0.6099
200002804,Black,Man,Post-Grad,D,Increasing size of House of Representatives,TRUE,0.5929,0.4514,0.4989,0.4458,0.3336,0.6196,0.4225,0.3939,0.3164,0.4989,0.6196
200002817,Asian,Woman,Some College,D,Increasing size of House of Representatives,TRUE,0.6019,0.5326,0.5969,0.5553,0.5036,0.5713,0.2961,0.4945,0.3793,0.5969,0.5713
200002821,White,Woman,4-Year,R,Increasing size of House of Representatives,TRUE,0.5406,0.6342,0.5262,0.2568,0.662,0.5028,0.3874,0.5392,0.3425,0.6342,0.662
200002835,White,Woman,4-Year,D,Increasing size of House of Representatives,TRUE,0.7547,0.6807,0.5997,0.4759,0.5309,0.5696,0.474,0.5404,0.3716,0.6807,0.5696
200002888,White,Man,HS or Less,D,Increasing size of House of Representatives,TRUE,0.2197,0.2481,0.1264,0.1707,0.2616,0.1496,0.1059,0.3654,0.1879,0.2481,0.3654
200002923,Black,Man,Some College,D,Increasing size of House of Representatives,TRUE,0.2617,0.3587,0.15,0.1201,0.3007,0.2008,0.2379,0.1507,0.1752,0.3587,0.3007
200002933,White,Woman,4-Year,D,Increasing size of House of Representatives,TRUE,-0.0031,0.0676,-0.0189,0.0616,0.0774,-0.0048,0.0162,0.0464,0.059,0.0676,0.0774
200002955,White,Woman,Post-Grad,D,Increasing size of House of Representatives,TRUE,0.3523,0.3871,0.399,0.1929,0.2473,0.4593,0.4356,0.2277,0.2586,0.399,0.4593
200002963,White,Man,Some College,I,Increasing size of House of Representatives,TRUE,0.2709,0.3751,0.3329,0.0584,0.414,0.2844,0.3549,0.2818,0.5231,0.3751,0.5231
200003021,White,Woman,4-Year,R,Increasing size of House of Representatives,TRUE,0.382,0.3616,0.4795,0.1677,0.4557,0.4248,0.2305,0.4115,0.265,0.4795,0.4557
200003083,White,Man,Post-Grad,D,Increasing size of House of Representatives,TRUE,0.4487,0.4621,0.461,0.2025,0.3869,0.3586,0.5507,0.3562,0.2838,0.4621,0.5507
200003115,White,Woman,Some College,R,Increasing size of House of Representatives,TRUE,0.3722,0.4615,0.3396,0.1791,0.5585,0.3556,0.1211,0.345,0.3041,0.4615,0.5585
200003130,White,Woman,Post-Grad,D,Increasing size of House of Representatives,TRUE,0.1875,0.1265,0.1417,0.1158,0.1409,0.1502,0.0649,0.2101,0.2011,0.1417,0.2101
200003138,White,Man,Post-Grad,D,Increasing size of House of Representatives,TRUE,0.1841,0.153,0.1713,0.1181,0.1065,0.1831,0.2047,0.1366,0.0959,0.1713,0.2047
200003148,White,Woman,Some College,D,Increasing size of House of Representatives,TRUE,0.4109,0.5059,0.3093,0.2833,0.5373,0.3125,0.1938,0.3873,0.2362,0.5059,0.5373
200003168,White,Man,4-Year,D,Increasing size of House of Representatives,TRUE,0.4258,0.5461,0.4986,0.2618,0.4567,0.6093,0.4501,0.4319,0.3295,0.5461,0.6093
200003231,All Other,Man,4-Year,D,Increasing size of House of Representatives,TRUE,0.5718,0.668,0.473,0.3137,0.4625,0.4847,0.5796,0.3928,0.3935,0.668,0.5796
200003372,All Other,Man,Some College,D,Increasing size of House of Representatives,TRUE,0.3751,0.5,0.3717,0.1772,0.4967,0.3514,0.2712,0.3239,0.2202,0.5,0.4967
200003395,White,Man,4-Year,I,Increasing size of House of Representatives,TRUE,0.5574,0.5655,0.5552,0.2579,0.4701,0.6043,0.4613,0.396,0.3371,0.5655,0.6043
200003408,Latino,Woman,Some College,I,Increasing size of House of Representatives,TRUE,0.0232,0.0478,0.0684,0.0179,0.1496,0.0857,-0.0887,0.0911,0.0698,0.0684,0.1496
200003409,White,Man,4-Year,D,Increasing size of House of Representatives,TRUE,0.3469,0.5173,0.4165,0.1311,0.5761,0.3571,0.3689,0.3323,0.474,0.5173,0.5761
200003416,White,Woman,Some College,D,Increasing size of House of Representatives,TRUE,0.0773,0.1274,0.0735,0.1689,0.147,0.1102,0.1501,0.0326,0.1526,0.1689,0.1526
200003456,White,Man,4-Year,I,Increasing size of House of Representatives,TRUE,0.6098,0.5835,0.5755,0.4904,0.5402,0.4838,0.394,0.4468,0.4511,0.5835,0.5402
200003459,All Other,Woman,Post-Grad,D,Increasing size of House of Representatives,TRUE,0.6626,0.7374,0.5529,0.3509,0.4687,0.5487,0.6709,0.3947,0.415,0.7374,0.6709
200003467,White,Man,4-Year,D,Increasing size of House of Representatives,TRUE,0.3727,0.382,0.2822,0.2371,0.263,0.3025,0.3531,0.1849,0.3966,0.382,0.3966
200003498,Black,Man,Post-Grad,D,Increasing size of House of Representatives,TRUE,0.3816,0.5238,0.5228,0.1812,0.4359,0.5089,0.4187,0.3686,0.3419,0.5238,0.5089
200003504,White,Man,Some College,D,Increasing size of House of Representatives,TRUE,0.2325,0.3465,0.3081,0.083,0.3155,0.2797,0.3334,0.2179,0.3595,0.3465,0.3595
200003531,White,Man,4-Year,I,Increasing size of House of Representatives,TRUE,0.52,0.3821,0.5255,0.3546,0.406,0.4902,0.2869,0.4853,0.2395,0.5255,0.4902
200003574,White,Man,Some College,D,Increasing size of House of Representatives,TRUE,0.4296,0.4727,0.5434,0.2519,0.4357,0.49,0.3413,0.3697,0.3265,0.5434,0.49
200003579,Asian,Man,Post-Grad,D,Increasing size of House of Representatives,TRUE,0.5988,0.5929,0.5195,0.3377,0.548,0.5192,0.4815,0.4029,0.3393,0.5929,0.548
200003584,White,Man,Post-Grad,D,Increasing size of House of Representatives,TRUE,0.3751,0.5,0.3717,0.1772,0.4967,0.3514,0.2712,0.3239,0.2202,0.5,0.4967
200003586,White,Man,Post-Grad,D,Increasing size of House of Representatives,TRUE,0.4258,0.5765,0.4959,0.1967,0.5821,0.4291,0.4192,0.3814,0.3452,0.5765,0.5821
200003616,White,Man,4-Year,I,Increasing size of House of Representatives,TRUE,0.6147,0.632,0.609,0.3387,0.5023,0.6626,0.4797,0.434,0.4624,0.632,0.6626
200003622,White,Man,Some College,D,Increasing size of House of Representatives,TRUE,0.2422,0.2548,0.4728,0.0687,0.2106,0.3865,0.2898,0.2203,0.1578,0.4728,0.3865
200003684,White,Woman,Some College,R,Increasing size of House of Representatives,TRUE,0.4314,0.3484,0.4571,0.3272,0.2833,0.4492,0.2224,0.3453,0.2801,0.4571,0.4492
200003755,White,Man,Post-Grad,D,Increasing size of House of Representatives,TRUE,0.0726,0.1382,0.0868,-0.0578,0.2165,0.1365,0.0795,0.182,0.2525,0.1382,0.2525
200003832,All Other,other gender,4-Year,D,Increasing size of House of Representatives,TRUE,0.6485,0.6232,0.7395,0.4485,0.4718,0.8375,0.4922,0.5257,0.3315,0.7395,0.8375
200003895,White,Man,4-Year,D,Increasing size of House of Representatives,TRUE,0.5452,0.4439,0.4406,0.3383,0.4322,0.3922,0.2765,0.3866,0.3314,0.4439,0.4322
200003913,White,Man,4-Year,D,Increasing size of House of Representatives,TRUE,0.3751,0.5,0.3717,0.1772,0.4967,0.3514,0.2712,0.3239,0.2202,0.5,0.4967
200003954,White,Man,Post-Grad,D,Increasing size of House of Representatives,TRUE,0.3131,0.377,0.229,0.2151,0.3839,0.2987,0.2722,0.2786,0.3862,0.377,0.3862
200003984,White,Woman,Post-Grad,D,Increasing size of House of Representatives,TRUE,0.6414,0.5292,0.5469,0.4634,0.4965,0.492,0.3129,0.5971,0.3421,0.5469,0.5971
200003999,Black,Man,Some College,D,Increasing size of House of Representatives,TRUE,0.4631,0.5747,0.5063,0.2518,0.6485,0.4595,0.2757,0.4493,0.3611,0.5747,0.6485
200004007,White,Woman,4-Year,D,Increasing size of House of Representatives,TRUE,0.3751,0.5,0.3717,0.1772,0.4967,0.3514,0.2712,0.3239,0.2202,0.5,0.4967
200004128,White,Woman,4-Year,D,Increasing size of House of Representatives,TRUE,0.5144,0.63,0.5067,0.3133,0.6534,0.4902,0.3602,0.5464,0.3181,0.63,0.6534
200004144,White,Man,4-Year,R,Increasing size of House of Representatives,TRUE,0.3123,0.3984,0.2996,0.1892,0.4464,0.3022,0.2358,0.2928,0.2528,0.3984,0.4464
200004164,White,Man,Post-Grad,D,Increasing size of House of Representatives,TRUE,0.3912,0.4061,0.4185,0.2007,0.4602,0.5064,0.2412,0.4194,0.3324,0.4185,0.5064
200004172,White,Woman,4-Year,R,Increasing size of House of Representatives,TRUE,0.2753,0.2464,0.2364,0.1387,0.2823,0.168,0.1014,0.198,0.1892,0.2464,0.2823
200004181,White,Woman,Some College,D,Increasing size of House of Representatives,TRUE,0.1611,0.1325,0.0414,0.1043,0.1199,0.1127,0.1231,0.1383,0.1146,0.1325,0.1383
200004295,White,Man,Some College,D,Increasing size of House of Representatives,TRUE,0.1547,0.1799,0.0908,0.032,0.2545,0.084,0.0556,0.1428,0.1907,0.1799,0.2545
200004395,White,other gender,Some College,D,Increasing size of House of Representatives,TRUE,0.3695,0.5036,0.3702,0.2264,0.5357,0.3556,0.3273,0.4459,0.3601,0.5036,0.5357
200004403,White,Man,Some College,R,Increasing size of House of Representatives,TRUE,0.5495,0.7198,0.5306,0.3523,0.7147,0.512,0.4606,0.5161,0.4692,0.7198,0.7147
200004416,White,Woman,Post-Grad,D,Increasing size of House of Representatives,TRUE,0.4745,0.3833,0.5363,0.5493,0.303,0.533,0.2677,0.3443,0.2272,0.5493,0.533
200004421,All Other,Man,Some College,I,Increasing size of House of Representatives,TRUE,0.4619,0.6648,0.394,0.2796,0.716,0.3864,0.2928,0.4065,0.4711,0.6648,0.716
200004458,White,Man,Some College,I,Increasing size of House of Representatives,TRUE,0.4161,0.4546,0.384,0.183,0.5457,0.3672,0.1751,0.3874,0.255,0.4546,0.5457
200004489,White,Woman,4-Year,D,Increasing size of House of Representatives,TRUE,0.6713,0.5319,0.3618,0.6085,0.2829,0.3906,0.4591,0.3108,0.3078,0.6085,0.4591
200004559,White,Man,Some College,D,Increasing size of House of Representatives,TRUE,0.5115,0.5691,0.6424,0.4094,0.512,0.6539,0.4128,0.5048,0.4112,0.6424,0.6539
200004562,White,Man,Some College,D,Increasing size of House of Representatives,TRUE,0.6749,0.6854,0.6911,0.4311,0.575,0.7415,0.5024,0.4986,0.3921,0.6911,0.7415
200004566,All Other,Woman,Some College,D,Increasing size of House of Representatives,TRUE,0.4954,0.6092,0.5046,0.3219,0.5699,0.5316,0.4341,0.3822,0.4569,0.6092,0.5699
200004575,White,Man,Post-Grad,D,Increasing size of House of Representatives,TRUE,0.1828,0.18,0.1881,0.0459,0.2148,0.1953,0.0679,0.1848,0.1703,0.1881,0.2148
200004619,White,Man,Post-Grad,D,Increasing size of House of Representatives,TRUE,-0.0106,0.0264,-0.0451,-0.0489,0.0252,-0.0465,-0.0347,0.0627,0.2168,0.0264,0.2168
200004631,White,Man,Some College,R,Increasing size of House of Representatives,TRUE,0.4007,0.4896,0.3432,0.2435,0.5392,0.2927,0.2589,0.3055,0.3554,0.4896,0.5392
200004634,White,Man,Post-Grad,D,Increasing size of House of Representatives,TRUE,0.5811,0.5437,0.6332,0.4107,0.4523,0.6187,0.3698,0.4866,0.3289,0.6332,0.6187
200004651,White,Man,4-Year,D,Increasing size of House of Representatives,TRUE,0.6149,0.5763,0.692,0.451,0.4323,0.7599,0.4999,0.4249,0.2516,0.692,0.7599
200004670,White,Woman,4-Year,I,Increasing size of House of Representatives,TRUE,0.2068,0.2625,0.1975,0.0804,0.2276,0.1923,0.2226,0.0985,0.2143,0.2625,0.2276
200004683,White,Woman,4-Year,D,Increasing size of House of Representatives,TRUE,0.3813,0.3818,0.3072,0.4166,0.3252,0.2815,0.2607,0.2062,0.3786,0.4166,0.3786
200004686,White,Man,Some College,I,Increasing size of House of Representatives,TRUE,0.4386,0.4751,0.4112,0.3621,0.3994,0.3958,0.3211,0.327,0.295,0.4751,0.3994
200004716,White,Man,4-Year,D,Increasing size of House of Representatives,TRUE,0.4599,0.4412,0.5868,0.2973,0.4092,0.5398,0.2912,0.4399,0.2842,0.5868,0.5398
200004721,White,Man,Some College,R,Increasing size of House of Representatives,TRUE,0.4855,0.5108,0.561,0.2392,0.3392,0.6239,0.4704,0.3137,0.3841,0.561,0.6239
200004736,White,Woman,4-Year,D,Increasing size of House of Representatives,TRUE,0.0834,0.0859,0.151,0.0088,0.1216,0.1621,0.0515,0.0352,0.0519,0.151,0.1621
200004737,White,Man,Post-Grad,I,Increasing size of House of Representatives,TRUE,0.5601,0.6335,0.6052,0.3429,0.5613,0.7102,0.4366,0.4322,0.3309,0.6335,0.7102
200004768,White,Man,4-Year,D,Increasing size of House of Representatives,TRUE,0.4951,0.3497,0.3803,0.3961,0.2765,0.3928,0.3193,0.2943,0.2037,0.3961,0.3928
200004779,White,Woman,4-Year,D,Increasing size of House of Representatives,TRUE,0.5406,0.6342,0.5262,0.2568,0.662,0.5028,0.3874,0.5392,0.3425,0.6342,0.662
200004823,Asian,Woman,Some College,D,Increasing size of House of Representatives,TRUE,0.7075,0.5881,0.5448,0.583,0.5525,0.6045,0.3576,0.4786,0.4037,0.5881,0.6045
200004851,Black,Man,Some College,D,Increasing size of House of Representatives,TRUE,0.1215,0.1121,0.162,0.0786,0.2009,0.1558,0.0641,0.211,0.0262,0.162,0.211
200004875,White,Man,4-Year,D,Increasing size of House of Representatives,TRUE,0.4236,0.4674,0.4501,0.2019,0.2486,0.4854,0.5389,0.224,0.2888,0.4674,0.5389
200005002,Black,Woman,Some College,D,Increasing size of House of Representatives,TRUE,0.1265,0.0982,0.0942,0.0532,0.2251,0.0964,-0.035,0.1387,0.0944,0.0982,0.2251
200005216,White,Man,4-Year,I,Increasing size of House of Representatives,TRUE,0.6556,0.5753,0.6839,0.4294,0.5506,0.5761,0.3557,0.6029,0.4358,0.6839,0.6029
200005224,Asian,Man,Post-Grad,D,Increasing size of House of Representatives,TRUE,0.5264,0.4646,0.4921,0.3343,0.2954,0.5999,0.4292,0.2987,0.2941,0.4921,0.5999
200005333,White,Man,4-Year,D,Increasing size of House of Representatives,TRUE,0.5106,0.4256,0.3737,0.5585,0.3663,0.3675,0.2832,0.317,0.4123,0.5585,0.4123
200005361,White,Woman,4-Year,D,Increasing size of House of Representatives,TRUE,0.3662,0.4864,0.2898,0.3008,0.4679,0.3059,0.3474,0.3282,0.4257,0.4864,0.4679
200005364,White,Man,4-Year,I,Increasing size of House of Representatives,TRUE,0.2253,0.3011,0.3007,0.0404,0.3311,0.2127,0.3166,0.1893,0.1166,0.3011,0.3311
200005425,White,Woman,Post-Grad,D,Increasing size of House of Representatives,TRUE,0.4513,0.5433,0.3059,0.192,0.2199,0.347,0.6273,0.204,0.2952,0.5433,0.6273
200005443,White,Woman,Post-Grad,D,Increasing size of House of Representatives,TRUE,0.3576,0.4934,0.3028,0.2155,0.474,0.2823,0.2727,0.3104,0.279,0.4934,0.474
200005538,All Other,Man,Post-Grad,D,Increasing size of House of Representatives,TRUE,0.5266,0.6622,0.4671,0.2253,0.3589,0.4452,0.7075,0.3543,0.3249,0.6622,0.7075
200005562,White,Man,4-Year,D,Increasing size of House of Representatives,TRUE,0.4755,0.4869,0.422,0.2724,0.486,0.3802,0.2728,0.4123,0.3122,0.4869,0.486
200005565,White,Man,Some College,D,Increasing size of House of Representatives,TRUE,0.494,0.5497,0.4176,0.3156,0.5147,0.3724,0.3809,0.3553,0.5233,0.5497,0.5233
200005578,White,Man,4-Year,R,Increasing size of House of Representatives,TRUE,0.6626,0.5894,0.6002,0.4727,0.5123,0.5332,0.3777,0.5323,0.3785,0.6002,0.5332
200005809,White,Man,Post-Grad,D,Increasing size of House of Representatives,TRUE,0.5178,0.5924,0.4066,0.3085,0.2816,0.4669,0.6561,0.2821,0.33,0.5924,0.6561
200005810,Black,Woman,HS or Less,I,Increasing size of House of Representatives,TRUE,0.6955,0.5713,0.5309,0.5928,0.5246,0.5985,0.3551,0.4552,0.3879,0.5928,0.5985
200005859,White,Man,Post-Grad,D,Increasing size of House of Representatives,TRUE,0.4997,0.5624,0.5243,0.3522,0.5534,0.4384,0.347,0.4876,0.5408,0.5624,0.5534
200005863,White,Man,Some College,I,Increasing size of House of Representatives,TRUE,0.4414,0.5414,0.5102,0.2938,0.5416,0.5066,0.3146,0.502,0.2888,0.5414,0.5416
200005981,White,Man,4-Year,I,Increasing size of House of Representatives,TRUE,0.6719,0.7333,0.6629,0.3783,0.7435,0.5801,0.4682,0.5892,0.4469,0.7333,0.7435
200006000,White,Woman,Some College,R,Increasing size of House of Representatives,TRUE,0.1305,0.1295,0.149,0.0751,0.176,0.1299,0.0725,0.1303,0.1039,0.149,0.176
200006003,White,Woman,4-Year,R,Increasing size of House of Representatives,TRUE,0.1615,0.1921,0.0914,0.0699,0.2085,0.1217,0.0623,0.2151,0.1027,0.1921,0.2151
200006005,White,Man,4-Year,D,Increasing size of House of Representatives,TRUE,0.6028,0.6033,0.549,0.4542,0.5956,0.4878,0.3301,0.49,0.3133,0.6033,0.5956
200006025,White,Man,Some College,D,Increasing size of House of Representatives,TRUE,0.4624,0.6251,0.4518,0.2689,0.6232,0.3976,0.3691,0.4509,0.3259,0.6251,0.6232
200006108,White,Woman,4-Year,D,Increasing size of House of Representatives,TRUE,0.0943,0.0556,0.049,-0.003,0.1457,0.0836,-0.0269,0.1295,-0.0155,0.0556,0.1457
300000022,White,Man,Some College,R,Increasing size of House of Representatives,TRUE,0.4398,0.3608,0.3966,0.3502,0.2891,0.3893,0.314,0.4495,0.2628,0.3966,0.4495
300000026,White,Woman,Some College,I,Increasing size of House of Representatives,TRUE,0.0424,0.0641,0.0593,0.094,0.0671,0.0431,0.0711,0.0844,0.0463,0.094,0.0844
300000038,White,Woman,4-Year,R,Increasing size of House of Representatives,TRUE,0.4041,0.4019,0.3152,0.3274,0.3892,0.2625,0.1956,0.3826,0.3613,0.4019,0.3892
300000055,All Other,Woman,Some College,R,Increasing size of House of Representatives,TRUE,0.4926,0.3812,0.4526,0.3083,0.3579,0.3732,0.2304,0.5053,0.3107,0.4526,0.5053
300000056,White,Woman,4-Year,D,Increasing size of House of Representatives,TRUE,0.4766,0.5528,0.606,0.2826,0.5273,0.5049,0.3438,0.5255,0.3656,0.606,0.5273
300000068,White,Man,Some College,D,Increasing size of House of Representatives,TRUE,0.0194,0.1692,0.0644,0.0772,0.1531,0.09,0.1366,0.1082,0.0939,0.1692,0.1531
300000072,White,Man,Some College,I,Increasing size of House of Representatives,TRUE,0.2911,0.3574,0.268,0.2215,0.3085,0.2697,0.2683,0.2097,0.3132,0.3574,0.3132
300000085,White,Woman,Some College,D,Increasing size of House of Representatives,TRUE,0.5708,0.6652,0.4139,0.3226,0.3841,0.4957,0.6166,0.3553,0.3698,0.6652,0.6166
300000116,White,Woman,Some College,D,Increasing size of House of Representatives,TRUE,0.1543,0.3255,0.2245,0.0873,0.3259,0.1485,0.2377,0.2107,0.3609,0.3255,0.3609
300000130,Hispanic,Woman,HS or Less,D,Increasing size of House of Representatives,TRUE,0.0155,0.1407,0.05,-0.0234,0.1585,0.0431,0.0928,0.0936,0.1471,0.1407,0.1585
300000146,White,Man,Some College,R,Increasing size of House of Representatives,TRUE,0.3037,0.2072,0.2601,0.2141,0.1152,0.214,0.2536,0.1885,0.149,0.2601,0.2536
300000165,White,Man,4-Year,D,Increasing size of House of Representatives,TRUE,0.3665,0.3346,0.3391,0.2646,0.2425,0.3088,0.222,0.3296,0.2928,0.3391,0.3296
300000169,White,Woman,Some College,D,Increasing size of House of Representatives,TRUE,0.2987,0.436,0.218,0.2014,0.4489,0.1868,0.2013,0.2747,0.2538,0.436,0.4489
300000185,Black,Man,Some College,D,Increasing size of House of Representatives,TRUE,0.516,0.4759,0.3724,0.3931,0.4022,0.3615,0.3302,0.4269,0.3985,0.4759,0.4269
300000196,Black,Man,Some College,D,Increasing size of House of Representatives,TRUE,0.0869,0.1202,-0.016,0.0814,0.144,0.0125,0.0962,0.0823,0.0346,0.1202,0.144
300000226,Black,Man,4-Year,D,Increasing size of House of Representatives,TRUE,0.1381,0.2716,0.2081,-0.0213,0.3065,0.2144,0.1541,0.1463,0.2249,0.2716,0.3065
300000230,White,Woman,HS or Less,R,Increasing size of House of Representatives,TRUE,0.4235,0.5206,0.5793,0.2525,0.5368,0.539,0.3593,0.47,0.3436,0.5793,0.539
300000251,Asian,Man,4-Year,I,Increasing size of House of Representatives,TRUE,0.2236,0.2871,0.3248,0.1204,0.3068,0.2134,0.2446,0.2723,0.5048,0.3248,0.5048
300000252,White,Man,Post-Grad,D,Increasing size of House of Representatives,TRUE,0.4888,0.6451,0.4483,0.3152,0.3335,0.478,0.6525,0.3229,0.3119,0.6451,0.6525
300000257,White,Man,4-Year,D,Increasing size of House of Representatives,TRUE,0.05,0.1428,0.0233,0.0574,0.1528,0.0654,0.1231,0.0413,0.0748,0.1428,0.1528
300000261,White,Man,Some College,R,Increasing size of House of Representatives,TRUE,0.0336,0.0481,0.0072,-0.0387,0.0315,0.0205,-0.0096,0.04,0.035,0.0481,0.04
300000304,White,Man,Some College,D,Increasing size of House of Representatives,TRUE,0.4582,0.5872,0.5707,0.2186,0.6042,0.5429,0.4239,0.4595,0.363,0.5872,0.6042
300000323,White,Woman,HS or Less,R,Increasing size of House of Representatives,TRUE,0.4722,0.4306,0.503,0.3081,0.4533,0.4689,0.1942,0.4489,0.3181,0.503,0.4689
300000348,White,Woman,Some College,D,Increasing size of House of Representatives,TRUE,0.5109,0.4888,0.5376,0.3556,0.4383,0.4884,0.34,0.4775,0.3943,0.5376,0.4884
300000359,Native American,Man,HS or Less,D,Increasing size of House of Representatives,TRUE,0.3934,0.3296,0.2974,0.1904,0.322,0.3288,0.2469,0.2143,0.2745,0.3296,0.3288
300000400,White,Woman,Post-Grad,D,Increasing size of House of Representatives,TRUE,0.3158,0.4421,0.3593,0.1631,0.3962,0.2356,0.4153,0.3245,0.4195,0.4421,0.4195
300000424,White,Man,HS or Less,D,Increasing size of House of Representatives,TRUE,0.2135,0.3283,0.2773,0.0823,0.2943,0.1408,0.1597,0.2735,0.2506,0.3283,0.2943
300000491,White,Man,Post-Grad,D,Increasing size of House of Representatives,TRUE,0.6381,0.5434,0.6882,0.4927,0.3816,0.7814,0.4298,0.4499,0.224,0.6882,0.7814
300000541,Black,Woman,Post-Grad,D,Increasing size of House of Representatives,TRUE,0.4684,0.4011,0.2797,0.4876,0.4511,0.3242,0.1115,0.4069,0.4696,0.4876,0.4696
300000544,All Other,Man,Some College,D,Increasing size of House of Representatives,TRUE,0.4357,0.344,0.4204,0.2721,0.2931,0.385,0.185,0.4257,0.1878,0.4204,0.4257
300000562,White,Woman,Some College,I,Increasing size of House of Representatives,TRUE,0.4632,0.5187,0.5291,0.3417,0.5231,0.5081,0.2795,0.4666,0.293,0.5291,0.5231
300000573,White,Woman,Post-Grad,D,Increasing size of House of Representatives,TRUE,0.1855,0.1656,0.1199,0.1195,0.1769,0.1312,0.0294,0.2068,0.2136,0.1656,0.2136
300000589,White,Man,Some College,D,Increasing size of House of Representatives,TRUE,0.4065,0.4373,0.6517,0.2626,0.4211,0.5084,0.3237,0.4841,0.2504,0.6517,0.5084
300000608,White,Woman,4-Year,D,Increasing size of House of Representatives,TRUE,0.4452,0.5914,0.4381,0.2722,0.5999,0.3878,0.3204,0.4547,0.2914,0.5914,0.5999
300000627,White,Woman,HS or Less,I,Increasing size of House of Representatives,TRUE,0.3263,0.3446,0.2638,0.1763,0.3854,0.2738,0.1842,0.3569,0.2633,0.3446,0.3854
300000632,Black,Woman,Some College,D,Increasing size of House of Representatives,TRUE,0.3949,0.5242,0.4707,0.1885,0.5241,0.4417,0.4017,0.4788,0.3154,0.5242,0.5241
300000647,White,Woman,Post-Grad,D,Increasing size of House of Representatives,TRUE,0.6032,0.5214,0.4909,0.5122,0.373,0.5178,0.3966,0.3979,0.3685,0.5214,0.5178
300000657,White,Man,HS or Less,I,Increasing size of House of Representatives,TRUE,0.4633,0.4747,0.4577,0.3489,0.3893,0.4924,0.3991,0.3092,0.4342,0.4747,0.4924
300000685,Black,Woman,Some College,D,Increasing size of House of Representatives,TRUE,0.119,0.1473,0.0973,0.0829,0.1708,0.1758,-0.0072,0.1936,0.0697,0.1473,0.1936
300000704,White,Woman,HS or Less,D,Increasing size of House of Representatives,TRUE,-0.0005,0.0436,0.0119,-0.0541,0.1172,0.0793,0.0664,0.0148,0.0268,0.0436,0.1172
300000745,Black,Man,Some College,D,Increasing size of House of Representatives,TRUE,0.1175,0.0659,0.0915,0.0939,0.1955,0.0945,-0.0485,0.1616,0.0641,0.0939,0.1955
300000750,Black,Woman,HS or Less,I,Increasing size of House of Representatives,TRUE,0.4434,0.5041,0.4698,0.3443,0.4857,0.4411,0.3202,0.4442,0.3138,0.5041,0.4857
300000777,White,Man,4-Year,I,Increasing size of House of Representatives,TRUE,0.3355,0.5235,0.4216,0.2069,0.4427,0.3424,0.3747,0.4383,0.3588,0.5235,0.4427
300000787,White,Man,Post-Grad,D,Increasing size of House of Representatives,TRUE,0.592,0.632,0.618,0.3565,0.3467,0.6672,0.614,0.3694,0.3288,0.632,0.6672
300000795,Hispanic,Man,4-Year,D,Increasing size of House of Representatives,TRUE,0.2325,0.247,0.2737,0.1885,0.2196,0.2508,0.1185,0.3153,0.2248,0.2737,0.3153
300000815,White,Woman,4-Year,D,Increasing size of House of Representatives,TRUE,0.5741,0.462,0.5219,0.3926,0.3938,0.4675,0.3665,0.4378,0.2983,0.5219,0.4675
300000865,Hispanic,Woman,Post-Grad,D,Increasing size of House of Representatives,TRUE,0.5777,0.5137,0.5118,0.3948,0.5191,0.4692,0.3402,0.4193,0.3058,0.5137,0.5191
300000871,White,Woman,Post-Grad,D,Increasing size of House of Representatives,TRUE,0.4902,0.6219,0.4993,0.2565,0.4464,0.4484,0.543,0.3672,0.2513,0.6219,0.543
300000902,White,Woman,Some College,R,Increasing size of House of Representatives,TRUE,0.4189,0.5384,0.3813,0.1891,0.5671,0.3642,0.3201,0.3626,0.3341,0.5384,0.5671
300000908,White,Man,4-Year,D,Increasing size of House of Representatives,TRUE,0.0498,0.0713,0.0129,0.0765,0.0546,0.043,-0.0003,0.0896,0.0347,0.0765,0.0896
300000910,White,Man,Post-Grad,I,Increasing size of House of Representatives,TRUE,0.4643,0.6344,0.5197,0.2675,0.6224,0.5047,0.4437,0.425,0.4705,0.6344,0.6224
300000931,Black,Man,Some College,I,Increasing size of House of Representatives,TRUE,0.2952,0.2516,0.2328,0.4728,0.2541,0.2467,0.1756,0.1978,0.2136,0.4728,0.2541
300000940,White,Woman,4-Year,D,Increasing size of House of Representatives,TRUE,0.0003,0.0449,0.0014,-0.0769,0.0545,-0.039,0.093,0.0681,0.1007,0.0449,0.1007
300000949,White,Man,Post-Grad,D,Increasing size of House of Representatives,TRUE,0.1001,0.2366,0.1062,0.1046,0.2514,0.1472,0.1253,0.204,0.1743,0.2366,0.2514
300000952,White,Woman,4-Year,D,Increasing size of House of Representatives,TRUE,0.5197,0.5262,0.5109,0.2693,0.5312,0.4396,0.2865,0.4773,0.3245,0.5262,0.5312
300000960,White,Woman,4-Year,D,Increasing size of House of Representatives,TRUE,0.5315,0.6493,0.4561,0.3171,0.6831,0.4087,0.3314,0.4799,0.4097,0.6493,0.6831
300000997,Black,Woman,HS or Less,D,Increasing size of House of Representatives,TRUE,0.5374,0.5789,0.5321,0.2922,0.4845,0.604,0.4239,0.3929,0.3187,0.5789,0.604
300001006,Hispanic,Man,HS or Less,D,Increasing size of House of Representatives,TRUE,0.0015,0.092,0.0059,0.0694,0.0754,-0.0074,0.0335,0.0557,0.0861,0.092,0.0861
300001015,All Other,Woman,4-Year,D,Increasing size of House of Representatives,TRUE,0.4053,0.3748,0.523,0.2369,0.3377,0.4433,0.2514,0.3969,0.2497,0.523,0.4433
300001026,White,Man,Post-Grad,D,Increasing size of House of Representatives,TRUE,0.5219,0.6069,0.4161,0.2385,0.2529,0.4368,0.7131,0.2575,0.2701,0.6069,0.7131
300001063,White,Woman,Some College,D,Increasing size of House of Representatives,TRUE,0.4716,0.4607,0.5648,0.4067,0.4134,0.4911,0.2637,0.5267,0.3306,0.5648,0.5267
300001069,White,Man,4-Year,D,Increasing size of House of Representatives,TRUE,0.7138,0.6158,0.6603,0.4643,0.4665,0.6817,0.5075,0.5133,0.3724,0.6603,0.6817
300001073,White,Man,Some College,I,Increasing size of House of Representatives,TRUE,0.2397,0.115,0.1398,0.3389,0.0774,0.1492,0.0758,0.1795,0.0462,0.3389,0.1795
300001078,White,Man,Some College,D,Increasing size of House of Representatives,TRUE,0.5022,0.4858,0.4866,0.3592,0.4955,0.454,0.3521,0.4608,0.332,0.4866,0.4955
300001087,Black,Woman,HS or Less,D,Increasing size of House of Representatives,TRUE,0.1673,0.262,0.1056,0.0483,0.4161,0.0986,-0.0359,0.1494,0.0718,0.262,0.4161
300001105,Black,Man,Some College,D,Increasing size of House of Representatives,TRUE,0.5281,0.4571,0.3814,0.3391,0.4636,0.3759,0.2263,0.4215,0.3838,0.4571,0.4636
300001133,White,Woman,Some College,D,Increasing size of House of Representatives,TRUE,0.2597,0.2415,0.1999,0.154,0.237,0.2649,0.1289,0.1716,0.1452,0.2415,0.2649
300001148,White,Man,Post-Grad,D,Increasing size of House of Representatives,TRUE,0.3113,0.4252,0.3793,0.2211,0.4033,0.3337,0.2377,0.3436,0.1786,0.4252,0.4033
300001150,White,Woman,4-Year,R,Increasing size of House of Representatives,TRUE,0.4954,0.5286,0.4722,0.3786,0.503,0.4887,0.3845,0.3616,0.4016,0.5286,0.503
300001194,Hispanic,Woman,4-Year,I,Increasing size of House of Representatives,TRUE,0.5805,0.5371,0.5809,0.4144,0.4809,0.5372,0.3615,0.4696,0.324,0.5809,0.5372
300001195,White,Woman,4-Year,R,Increasing size of House of Representatives,TRUE,0.384,0.5881,0.6006,0.2924,0.5889,0.5522,0.4372,0.4953,0.4947,0.6006,0.5889
300001235,White,Man,HS or Less,D,Increasing size of House of Representatives,TRUE,0.5505,0.6077,0.658,0.3298,0.5811,0.5326,0.4744,0.5487,0.3293,0.658,0.5811
300001322,White,Man,Some College,D,Increasing size of House of Representatives,TRUE,0.3306,0.4239,0.128,0.2384,0.4253,0.1912,0.219,0.2353,0.5248,0.4239,0.5248
300001332,All Other,Woman,4-Year,I,Increasing size of House of Representatives,TRUE,0.0904,0.1257,0.0566,0.0795,0.1229,0.0571,0.0785,0.1068,0.0797,0.1257,0.1229
300001343,All Other,Man,HS or Less,I,Increasing size of House of Representatives,TRUE,0.3015,0.2334,0.159,0.3053,0.2804,0.2596,0.1021,0.2935,0.2073,0.3053,0.2935
300001352,Asian,Woman,Some College,D,Increasing size of House of Representatives,TRUE,0.3237,0.4752,0.2499,0.1953,0.5457,0.3115,0.1427,0.3712,0.2012,0.4752,0.5457
300001364,Asian,Man,Some College,I,Increasing size of House of Representatives,TRUE,0.3375,0.2054,0.2425,0.3278,0.1316,0.2224,0.1662,0.2919,0.1646,0.3278,0.2919
300001370,White,Man,Some College,D,Increasing size of House of Representatives,TRUE,0.6077,0.6345,0.6209,0.3681,0.6169,0.5624,0.4868,0.53,0.4518,0.6345,0.6169
300001371,White,Man,Some College,R,Increasing size of House of Representatives,TRUE,0.1318,0.2417,0.2056,0.0257,0.2805,0.217,0.1478,0.2136,0.22,0.2417,0.2805
300001372,Asian,Woman,Post-Grad,D,Increasing size of House of Representatives,TRUE,0.2394,0.3357,0.2161,0.255,0.219,0.228,0.2293,0.1558,0.4637,0.3357,0.4637
300001384,White,Woman,HS or Less,D,Increasing size of House of Representatives,TRUE,0.2596,0.2908,0.2715,0.1385,0.2705,0.2101,0.1779,0.2511,0.5485,0.2908,0.5485
300001400,Black,Man,HS or Less,D,Increasing size of House of Representatives,TRUE,0.3938,0.3144,0.2059,0.3304,0.2987,0.1897,0.1473,0.3487,0.1562,0.3304,0.3487
300001401,Hispanic,Man,HS or Less,D,Increasing size of House of Representatives,TRUE,0.0544,0.0556,-0.031,0.042,0.0904,0.0283,-0.0285,0.0378,0.0418,0.0556,0.0904
300001404,White,Man,Some College,D,Increasing size of House of Representatives,TRUE,0.2697,0.2304,0.2126,0.1395,0.3407,0.259,0.1233,0.2408,0.2746,0.2304,0.3407
300001424,White,Woman,Some College,D,Increasing size of House of Representatives,TRUE,0.3808,0.5176,0.3986,0.2774,0.5816,0.3675,0.2501,0.6346,0.3003,0.5176,0.6346
300001435,All Other,Man,Some College,I,Increasing size of House of Representatives,TRUE,0.064,0.0683,-0.0218,0.0237,0.0669,0.004,0.0544,0.0053,0.0759,0.0683,0.0759
300001439,Asian,Woman,Some College,D,Increasing size of House of Representatives,TRUE,0.4277,0.5811,0.4451,0.251,0.5784,0.3777,0.33,0.3955,0.2749,0.5811,0.5784
300001453,Black,Man,4-Year,D,Increasing size of House of Representatives,TRUE,0.7247,0.5372,0.4784,0.7853,0.4903,0.5063,0.2626,0.4676,0.4168,0.7853,0.5063
300001458,Black,Man,4-Year,D,Increasing size of House of Representatives,TRUE,0.0826,0.1135,0.0247,0.0625,0.1468,0.0907,0.0279,0.1219,0.0995,0.1135,0.1468
300001467,Hispanic,Man,Post-Grad,I,Increasing size of House of Representatives,TRUE,0.4786,0.6475,0.4154,0.1905,0.2529,0.4019,0.8049,0.2842,0.2924,0.6475,0.8049
300001484,White,Woman,Some College,D,Increasing size of House of Representatives,TRUE,0.6252,0.6769,0.621,0.3925,0.6553,0.5225,0.4451,0.5422,0.4172,0.6769,0.6553
300001489,All Other,Woman,Some College,D,Increasing size of House of Representatives,TRUE,0.4985,0.4987,0.5868,0.3082,0.5184,0.5391,0.2765,0.5039,0.343,0.5868,0.5391
300001491,White,Man,Post-Grad,D,Increasing size of House of Representatives,TRUE,0.4492,0.4756,0.3812,0.2681,0.4884,0.3362,0.2312,0.627,0.289,0.4756,0.627
300001495,White,Man,Some College,D,Increasing size of House of Representatives,TRUE,0.5448,0.6726,0.4212,0.2918,0.313,0.4662,0.6831,0.3189,0.3347,0.6726,0.6831
300001497,Asian,Woman,Post-Grad,D,Increasing size of House of Representatives,TRUE,0.2349,0.3905,0.2803,0.1647,0.3551,0.3353,0.2773,0.1754,0.4657,0.3905,0.4657
300001513,All Other,Man,Post-Grad,D,Increasing size of House of Representatives,TRUE,0.2644,0.2178,0.1509,0.2352,0.191,0.2254,0.1435,0.0874,0.271,0.2352,0.271
300001516,Hispanic,Man,Post-Grad,I,Increasing size of House of Representatives,TRUE,0.087,0.0523,0.0386,0.0118,0.0746,0.0559,-0.0263,0.1191,0.0838,0.0523,0.1191
300001526,All Other,Woman,Post-Grad,I,Increasing size of House of Representatives,TRUE,0.3747,0.5528,0.4145,0.1939,0.6139,0.4162,0.3061,0.4095,0.3616,0.5528,0.6139
300001549,White,Woman,Some College,D,Increasing size of House of Representatives,TRUE,0.0471,0.0829,0.1501,0.0866,0.1462,0.1974,-0.0893,0.151,0.076,0.1501,0.1974
300001576,White,Man,4-Year,D,Increasing size of House of Representatives,TRUE,0.341,0.4109,0.2757,0.2586,0.3409,0.3258,0.2649,0.2522,0.5367,0.4109,0.5367
300001582,White,Man,4-Year,D,Increasing size of House of Representatives,TRUE,0.4277,0.4416,0.4685,0.3139,0.3136,0.4496,0.3695,0.2733,0.3629,0.4685,0.4496
300001619,White,Woman,Some College,D,Increasing size of House of Representatives,TRUE,0.6684,0.5135,0.599,0.4745,0.4121,0.6332,0.4044,0.4796,0.3046,0.599,0.6332
300001684,All Other,Man,4-Year,D,Increasing size of House of Representatives,TRUE,0.5231,0.4567,0.6312,0.362,0.3809,0.5883,0.3814,0.4629,0.3129,0.6312,0.5883
300001688,White,other gender,HS or Less,D,Increasing size of House of Representatives,TRUE,0.3613,0.5193,0.453,0.1541,0.5023,0.4455,0.3315,0.4466,0.2338,0.5193,0.5023
300001706,White,Man,Some College,D,Increasing size of House of Representatives,TRUE,0.679,0.7558,0.579,0.3879,0.5865,0.6251,0.5703,0.4644,0.4267,0.7558,0.6251
300001757,White,Man,Some College,D,Increasing size of House of Representatives,TRUE,0.5574,0.6259,0.4918,0.2359,0.2998,0.5646,0.6634,0.2845,0.3282,0.6259,0.6634
300001760,White,Woman,Some College,I,Increasing size of House of Representatives,TRUE,0.1751,0.2272,0.1949,0.0509,0.2395,0.2214,0.1766,0.236,0.0774,0.2272,0.2395
300001775,White,Woman,Some College,R,Increasing size of House of Representatives,TRUE,0.4409,0.5696,0.3981,0.226,0.5629,0.3818,0.3188,0.3576,0.2769,0.5696,0.5629
300001797,Black,Man,HS or Less,D,Increasing size of House of Representatives,TRUE,0.1151,0.1994,0.2367,0.0917,0.285,0.3043,0.137,0.2254,0.1511,0.2367,0.3043
