User ID,Ethnicity,Gender,Education,Party,Topic,In Support,favor,Similarity1,Similarity2,Similarity3,Similarity4,Similarity5,Similarity6,Similarity7,Similarity8,Similarity9,Similaritymax3,Similaritymax5
100000062,White,Man,HS or Less,I,Increasing size of House of Representatives,FALSE,0,0.4828,0.4127,0.4096,0.2022,0.4542,0.2232,0.2975,0.2776,0.282,0.4127,0.4542
100000071,White,Woman,HS or Less,R,Increasing size of House of Representatives,FALSE,0,0.1056,0.0824,0.2551,0.1898,0.2122,0.102,0.1655,0.0769,0.1035,0.2551,0.2122
100000099,Black,Woman,Some College,D,Increasing size of House of Representatives,FALSE,0,0.3866,0.2893,0.5306,0.3994,0.312,0.4297,0.5757,0.3562,0.3801,0.5306,0.5757
100000109,Black,Woman,HS or Less,R,Increasing size of House of Representatives,FALSE,0,0.056,0.1393,0.0813,-0.007,0.0207,0.05,0.0421,0.0451,0.0441,0.1393,0.05
100000274,White,Man,4-Year,R,Increasing size of House of Representatives,FALSE,0,0.0983,0.1082,0.1121,0.2117,0.0246,0.116,0.0883,0.1116,0.0967,0.2117,0.116
100000285,All Other,Man,HS or Less,I,Increasing size of House of Representatives,FALSE,0,0.3084,0.2089,0.3495,0.2828,0.2628,0.3583,0.3886,0.2773,0.5237,0.3495,0.5237
100000306,White,Woman,4-Year,I,Increasing size of House of Representatives,FALSE,0,0.3344,0.3017,0.3333,0.2892,0.2847,0.3045,0.2741,0.2345,0.5006,0.3333,0.5006
100000319,White,Woman,HS or Less,R,Increasing size of House of Representatives,FALSE,0,0.3276,0.2603,0.4572,0.2184,0.4328,0.17,0.2358,0.2066,0.0735,0.4572,0.4328
100000328,Asian,Woman,HS or Less,D,Increasing size of House of Representatives,FALSE,0,0.039,0.0769,0.0648,0.11,0.051,0.0282,0.0045,0.023,0.0467,0.11,0.051
100000334,White,Man,HS or Less,R,Increasing size of House of Representatives,FALSE,0,0.0663,0.0948,0.0159,0.0577,-0.0187,0.1051,0.0607,0.032,0.0863,0.0948,0.1051
100000394,White,Woman,HS or Less,R,Increasing size of House of Representatives,FALSE,0,0.2205,0.2138,0.267,0.2142,0.1615,0.2446,0.2778,0.2114,0.1707,0.267,0.2778
100000410,All Other,Woman,HS or Less,R,Increasing size of House of Representatives,FALSE,0,0.4218,0.2619,0.3761,0.4883,0.1861,0.3416,0.2899,0.4551,0.3088,0.4883,0.4551
100000494,White,Woman,Some College,R,Increasing size of House of Representatives,FALSE,0,0.0142,0.0519,0.0306,-0.0175,-0.0588,-0.0194,-0.0389,-0.036,0.0048,0.0519,0.0048
100000567,White,Woman,Post-Grad,R,Increasing size of House of Representatives,FALSE,0,0.3878,0.2976,0.4928,0.4294,0.1801,0.4798,0.4378,0.3295,0.3731,0.4928,0.4798
100000584,White,Woman,HS or Less,R,Increasing size of House of Representatives,FALSE,0,0.295,0.2044,0.174,0.33,0.1073,0.3109,0.214,0.3098,0.2635,0.33,0.3109
100000598,White,Woman,HS or Less,I,Increasing size of House of Representatives,FALSE,0,0.0712,0.0963,0.0877,0.0214,0.0625,0.0077,0.0194,0.0647,0.0392,0.0963,0.0647
100000633,White,Man,HS or Less,I,Increasing size of House of Representatives,FALSE,0,0.1727,0.1783,0.1981,0.1339,0.1134,0.1901,0.133,0.1203,0.1864,0.1981,0.1901
100000659,White,Man,Post-Grad,R,Increasing size of House of Representatives,FALSE,0,0.3834,0.3173,0.4676,0.3717,0.3528,0.4442,0.5309,0.3013,0.5507,0.4676,0.5507
100000696,White,Woman,Some College,R,Increasing size of House of Representatives,FALSE,0,0.0467,-0.0103,0.034,0.0348,-0.0721,0.0123,-0.0263,0.054,0.0472,0.0348,0.054
100000713,White,Woman,4-Year,R,Increasing size of House of Representatives,FALSE,0,0.1701,0.2178,0.3299,0.1751,0.1491,0.3115,0.4252,0.2047,0.2014,0.3299,0.4252
100000716,White,Woman,Some College,I,Increasing size of House of Representatives,FALSE,0,0.2047,0.2551,0.2229,0.1431,0.2074,0.1815,0.3011,0.1888,0.1831,0.2551,0.3011
100000737,White,Woman,Some College,R,Increasing size of House of Representatives,FALSE,0,0.3812,0.3744,0.3663,0.3416,0.1799,0.4584,0.3448,0.3826,0.3245,0.3744,0.4584
100000756,Asian,Woman,Post-Grad,I,Increasing size of House of Representatives,FALSE,0,0.0024,0.0661,0.0523,0.1245,-0.0313,0.0867,0.0038,0.0074,0.0867,0.1245,0.0867
100000773,White,Woman,Some College,R,Increasing size of House of Representatives,FALSE,0,0.3497,0.3589,0.4055,0.3775,0.2678,0.545,0.3483,0.4867,0.2877,0.4055,0.545
100000781,White,Woman,Some College,R,Increasing size of House of Representatives,FALSE,0,0.243,0.2563,0.1793,0.2265,0.1285,0.3337,0.1766,0.3717,0.1301,0.2563,0.3717
100000852,White,Man,Post-Grad,R,Increasing size of House of Representatives,FALSE,0,0.1493,0.1498,0.3995,0.1753,0.3449,0.1049,0.3189,0.1855,0.1144,0.3995,0.3449
100000863,White,Man,Some College,R,Increasing size of House of Representatives,FALSE,0,0.2938,0.1628,0.3323,0.2207,0.3012,0.2079,0.3756,0.2253,0.4409,0.3323,0.4409
100000865,Hispanic,Woman,Some College,R,Increasing size of House of Representatives,FALSE,0,0.1112,0.1321,0.0581,0.1126,0.0614,0.1148,0.0038,0.0797,0.0573,0.1321,0.1148
100000874,White,Woman,Post-Grad,D,Increasing size of House of Representatives,FALSE,0,0.5129,0.3661,0.5208,0.5685,0.2641,0.4902,0.5029,0.5534,0.3605,0.5685,0.5534
100000879,All Other,Woman,HS or Less,R,Increasing size of House of Representatives,FALSE,0,0.1941,0.2291,0.2169,0.1798,0.1317,0.2016,0.2181,0.1173,0.1762,0.2291,0.2181
100000887,White,Woman,Post-Grad,I,Increasing size of House of Representatives,FALSE,0,0.5689,0.5253,0.6361,0.3857,0.3832,0.4287,0.5737,0.5727,0.3177,0.6361,0.5737
100000899,White,Man,Some College,R,Increasing size of House of Representatives,FALSE,0,-0.0116,0.0591,-0.0111,0.0017,-0.0179,0.0628,0.0185,0.0357,-0.0392,0.0591,0.0628
100000914,Asian,Woman,Post-Grad,D,Increasing size of House of Representatives,FALSE,0,0.3936,0.3882,0.5882,0.347,0.2933,0.5255,0.6359,0.4214,0.3855,0.5882,0.6359
100000927,White,Woman,Some College,R,Increasing size of House of Representatives,FALSE,0,0.3316,0.2528,0.3675,0.2106,0.1911,0.3695,0.3728,0.3387,0.272,0.3675,0.3728
100000944,White,Woman,Post-Grad,R,Increasing size of House of Representatives,FALSE,0,0.397,0.4342,0.2797,0.3071,0.1348,0.3141,0.2184,0.4319,0.1974,0.4342,0.4319
100000945,White,Woman,4-Year,R,Increasing size of House of Representatives,FALSE,0,0.3343,0.2549,0.4377,0.3493,0.1751,0.4047,0.4374,0.3484,0.3439,0.4377,0.4374
100000952,White,Woman,4-Year,D,Increasing size of House of Representatives,FALSE,0,0.3428,0.299,0.5244,0.3681,0.1803,0.4491,0.6334,0.3682,0.4268,0.5244,0.6334
100000975,White,Woman,Post-Grad,I,Increasing size of House of Representatives,FALSE,0,0.1592,0.2201,0.3134,0.1917,0.2111,0.266,0.2082,0.0974,0.2118,0.3134,0.266
100000983,White,Woman,4-Year,R,Increasing size of House of Representatives,FALSE,0,0.284,0.2551,0.3897,0.3049,0.186,0.2956,0.3314,0.2663,0.2474,0.3897,0.3314
100000988,White,Woman,4-Year,D,Increasing size of House of Representatives,FALSE,0,0.3559,0.2801,0.4953,0.3726,0.2534,0.3432,0.5157,0.331,0.3531,0.4953,0.5157
100001014,White,Man,HS or Less,R,Increasing size of House of Representatives,FALSE,0,0.1016,0.1257,0.2064,0.0771,0.213,0.0812,0.0128,0.0546,0.0628,0.2064,0.213
100001060,White,Woman,Some College,R,Increasing size of House of Representatives,FALSE,0,0.4025,0.2995,0.4789,0.2802,0.4611,0.3734,0.3058,0.3098,0.254,0.4789,0.4611
100001078,White,Woman,4-Year,R,Increasing size of House of Representatives,FALSE,0,0.0561,0.0951,0.0879,0.0897,0.074,0.1214,0.0294,0.0055,0.0869,0.0951,0.1214
100001097,White,Woman,Post-Grad,R,Increasing size of House of Representatives,FALSE,0,-0.0101,0.0395,0.0463,0.1128,0.0372,0.0697,0.0692,-0.0053,0.0699,0.1128,0.0699
100001117,White,Woman,Post-Grad,I,Increasing size of House of Representatives,FALSE,0,0.1716,0.2026,0.2698,0.2663,0.2198,0.1406,0.1125,0.1519,0.0671,0.2698,0.2198
100001136,White,Woman,Some College,R,Increasing size of House of Representatives,FALSE,0,0.2812,0.2995,0.3058,0.3552,0.2371,0.3767,0.3231,0.2782,0.269,0.3552,0.3767
100001143,White,Woman,Some College,D,Increasing size of House of Representatives,FALSE,0,0.1256,0.1498,0.0886,0.0087,0.0989,0.0481,0.0708,0.0779,0.0709,0.1498,0.0989
100001148,White,Woman,Some College,D,Increasing size of House of Representatives,FALSE,0,0.0858,0.1524,0.1797,-0.0239,0.2085,-0.0261,0.0754,0.0177,-0.0317,0.1797,0.2085
200000394,White,Woman,Post-Grad,I,Increasing size of House of Representatives,FALSE,0,0.243,0.2753,0.3015,0.2956,0.2916,0.4195,0.2885,0.2597,0.3389,0.3015,0.4195
200000396,White,Man,4-Year,R,Increasing size of House of Representatives,FALSE,0,0.2598,0.2463,0.3994,0.242,0.2982,0.2554,0.358,0.3558,0.1344,0.3994,0.358
200000583,White,Man,Some College,D,Increasing size of House of Representatives,FALSE,0,0.3367,0.3223,0.4442,0.383,0.3129,0.4643,0.5301,0.3218,0.3953,0.4442,0.5301
200000600,White,Man,4-Year,D,Increasing size of House of Representatives,FALSE,0,0.2618,0.2404,0.4771,0.273,0.2751,0.288,0.4016,0.2429,0.267,0.4771,0.4016
200000828,White,Woman,Some College,R,Increasing size of House of Representatives,FALSE,0,0.1427,0.159,0.1409,0.116,0.0709,0.2023,0.181,0.0351,0.2236,0.159,0.2236
200000859,White,Man,Some College,R,Increasing size of House of Representatives,FALSE,0,0.3922,0.3393,0.6518,0.3534,0.3913,0.4433,0.6534,0.4078,0.3709,0.6518,0.6534
200000869,White,Man,4-Year,I,Increasing size of House of Representatives,FALSE,0,0.4617,0.3931,0.5656,0.3379,0.4627,0.4281,0.4839,0.3294,0.3863,0.5656,0.4839
200000901,White,Woman,Some College,R,Increasing size of House of Representatives,FALSE,0,0.2641,0.2549,0.4857,0.3313,0.3739,0.3822,0.4671,0.3487,0.297,0.4857,0.4671
200001070,All Other,Man,Some College,R,Increasing size of House of Representatives,FALSE,0,0.1469,0.062,0.1811,0.1309,0.1306,0.1812,0.1666,0.0495,0.2646,0.1811,0.2646
200001105,White,Woman,Some College,I,Increasing size of House of Representatives,FALSE,0,0.2962,0.26,0.4569,0.3247,0.1836,0.37,0.4506,0.3006,0.3177,0.4569,0.4506
200001338,White,Woman,Some College,D,Increasing size of House of Representatives,FALSE,0,0.1474,0.1894,0.2479,0.2268,0.1264,0.2516,0.2863,0.133,0.1561,0.2479,0.2863
200001463,All Other,Woman,Some College,I,Increasing size of House of Representatives,FALSE,0,0.0803,0.1756,0.1271,-0.0311,0.0732,0.0549,0.0657,0.0778,-0.014,0.1756,0.0778
200001636,White,Woman,Some College,R,Increasing size of House of Representatives,FALSE,0,0.2501,0.2389,0.4002,0.1641,0.3473,0.1568,0.2378,0.1306,0.0931,0.4002,0.3473
200001919,White,Woman,Some College,R,Increasing size of House of Representatives,FALSE,0,0.3353,0.4149,0.3831,0.2213,0.2735,0.1827,0.2534,0.3499,0.1123,0.4149,0.3499
200001924,White,Man,Some College,R,Increasing size of House of Representatives,FALSE,0,0.2603,0.2317,0.2532,0.3001,0.1609,0.2765,0.1961,0.1661,0.3654,0.3001,0.3654
200001997,White,Woman,4-Year,R,Increasing size of House of Representatives,FALSE,0,0.0889,0.1808,0.1455,-0.0091,0.0773,0.0655,0.0683,0.0887,0.0032,0.1808,0.0887
200002036,White,Woman,Some College,R,Increasing size of House of Representatives,FALSE,0,0.1242,0.1069,0.1876,0.2152,0.118,0.2426,0.2695,0.0798,0.3593,0.2152,0.3593
200002042,White,Woman,4-Year,R,Increasing size of House of Representatives,FALSE,0,0.0192,0.0664,0.0417,0.1023,0.0063,0.1104,0.0249,-0.0043,0.0844,0.1023,0.1104
200002049,White,Woman,4-Year,D,Increasing size of House of Representatives,FALSE,0,0.0307,0.0664,0.0426,0.0729,0.0119,0.004,-0.0208,0.0418,0.0572,0.0729,0.0572
200002213,White,Man,4-Year,D,Increasing size of House of Representatives,FALSE,0,-0.0158,0.0919,0.1248,0.0815,0.1541,0.0081,0.1429,0.0247,0.0377,0.1248,0.1541
200002438,White,Woman,Post-Grad,R,Increasing size of House of Representatives,FALSE,0,0.2942,0.2852,0.5678,0.2709,0.157,0.399,0.6734,0.3174,0.3188,0.5678,0.6734
200002449,White,Woman,4-Year,I,Increasing size of House of Representatives,FALSE,0,0.2916,0.3249,0.3066,0.2183,0.2665,0.2763,0.3668,0.2295,0.3307,0.3249,0.3668
200002531,All Other,Man,4-Year,R,Increasing size of House of Representatives,FALSE,0,0.4033,0.3856,0.4682,0.3265,0.1886,0.3881,0.4259,0.319,0.2696,0.4682,0.4259
200002593,White,Woman,Some College,R,Increasing size of House of Representatives,FALSE,0,0.1424,0.1785,0.2998,0.1752,0.2206,0.1045,0.1928,0.0604,0.1476,0.2998,0.2206
200002602,White,Woman,Some College,I,Increasing size of House of Representatives,FALSE,0,0.1133,0.0754,0.075,0.0766,0.0987,0.0606,0.0544,0.0609,0.0644,0.0766,0.0987
200002603,White,Man,Some College,D,Increasing size of House of Representatives,FALSE,0,0.0385,0.0488,0.0727,0.2008,0.0759,0.1463,0.0953,0.0583,0.0324,0.2008,0.1463
200002646,White,Woman,Some College,D,Increasing size of House of Representatives,FALSE,0,0.3494,0.2428,0.4834,0.3297,0.1994,0.4673,0.4655,0.2514,0.5461,0.4834,0.5461
200002992,White,Man,4-Year,R,Increasing size of House of Representatives,FALSE,0,0.336,0.3512,0.3131,0.2778,0.2774,0.1395,0.1559,0.2778,0.1089,0.3512,0.2778
200003234,White,Woman,4-Year,R,Increasing size of House of Representatives,FALSE,0,0.307,0.2471,0.3789,0.4021,0.2362,0.4187,0.3764,0.3119,0.2875,0.4021,0.4187
200003281,White,Man,4-Year,D,Increasing size of House of Representatives,FALSE,0,0.4461,0.2248,0.2869,0.5721,0.1654,0.3657,0.3035,0.454,0.3479,0.5721,0.454
200003354,White,Woman,Some College,R,Increasing size of House of Representatives,FALSE,0,0.4648,0.3314,0.5315,0.4973,0.325,0.4246,0.5831,0.4334,0.4369,0.5315,0.5831
200003437,White,Woman,Some College,D,Increasing size of House of Representatives,FALSE,0,0.3099,0.1901,0.5078,0.3046,0.3299,0.3164,0.4112,0.2539,0.2108,0.5078,0.4112
200003457,White,Man,Post-Grad,D,Increasing size of House of Representatives,FALSE,0,0.4436,0.3155,0.5105,0.4741,0.3067,0.4966,0.3567,0.4187,0.2951,0.5105,0.4966
200003706,White,Woman,Some College,R,Increasing size of House of Representatives,FALSE,0,0.0865,0.0697,0.2022,0.1065,0.099,0.1405,0.2277,0.0948,0.1445,0.2022,0.2277
200003903,White,Woman,Post-Grad,R,Increasing size of House of Representatives,FALSE,0,0.4082,0.3401,0.4802,0.1693,0.4573,0.3121,0.3388,0.2782,0.1733,0.4802,0.4573
200003958,White,Woman,4-Year,R,Increasing size of House of Representatives,FALSE,0,0.1734,0.2035,0.3437,0.1489,0.2147,0.2092,0.3825,0.1152,0.132,0.3437,0.3825
200003995,White,Woman,Post-Grad,D,Increasing size of House of Representatives,FALSE,0,0.3582,0.2638,0.4982,0.3415,0.3384,0.4316,0.504,0.2761,0.4017,0.4982,0.504
200004043,All Other,Woman,4-Year,R,Increasing size of House of Representatives,FALSE,0,0.2495,0.287,0.3726,0.2277,0.0967,0.454,0.4347,0.3647,0.3187,0.3726,0.454
200004048,White,Woman,4-Year,R,Increasing size of House of Representatives,FALSE,0,0.29,0.2464,0.4967,0.2234,0.3913,0.3357,0.4073,0.2672,0.2659,0.4967,0.4073
200004220,White,Man,Post-Grad,R,Increasing size of House of Representatives,FALSE,0,0.2999,0.1685,0.3326,0.3946,0.323,0.3379,0.4228,0.2033,0.2997,0.3946,0.4228
200004283,White,Man,Some College,R,Increasing size of House of Representatives,FALSE,0,0.0384,-0.0359,0.1885,0.0385,0.2245,-0.0902,0.0106,-0.0306,-0.0587,0.1885,0.2245
200004417,White,Man,Some College,R,Increasing size of House of Representatives,FALSE,0,0.3955,0.3395,0.5402,0.3182,0.4258,0.3346,0.357,0.2693,0.2038,0.5402,0.4258
200004532,All Other,Woman,4-Year,D,Increasing size of House of Representatives,FALSE,0,0.3181,0.2212,0.5351,0.4204,0.2897,0.373,0.5034,0.2972,0.4599,0.5351,0.5034
200004664,White,Man,Some College,D,Increasing size of House of Representatives,FALSE,0,0.3182,0.2583,0.4877,0.3039,0.1863,0.4123,0.5727,0.3511,0.3443,0.4877,0.5727
200004665,White,Woman,4-Year,D,Increasing size of House of Representatives,FALSE,0,0.0583,0.098,0.0447,0.0569,0.0322,0.0965,0.0862,0.0529,0.0787,0.098,0.0965
200004796,White,Woman,4-Year,R,Increasing size of House of Representatives,FALSE,0,0.4225,0.3211,0.6393,0.3806,0.4424,0.4373,0.5703,0.3745,0.3566,0.6393,0.5703
200004819,White,Man,Post-Grad,D,Increasing size of House of Representatives,FALSE,0,0.1118,0.3283,0.3125,-0.005,0.1973,0.2095,0.366,0.1206,0.219,0.3283,0.366
200004877,Black,Woman,Post-Grad,R,Increasing size of House of Representatives,FALSE,0,0.1457,0.1524,0.0605,0.2692,0.017,0.1697,0.2087,0.0635,0.2423,0.2692,0.2423
200004919,White,Man,Post-Grad,D,Increasing size of House of Representatives,FALSE,0,0.2468,0.3669,0.2735,0.154,0.2478,0.2021,0.2385,0.218,0.0732,0.3669,0.2478
200004925,White,Man,4-Year,D,Increasing size of House of Representatives,FALSE,0,0.4774,0.3925,0.5948,0.5102,0.2688,0.5452,0.6075,0.526,0.3984,0.5948,0.6075
200004929,White,Woman,Post-Grad,I,Increasing size of House of Representatives,FALSE,0,0.0529,0.1136,0.078,-0.0577,0.0238,0.0476,0.0412,0.002,0.082,0.1136,0.082
200005084,White,Woman,Post-Grad,D,Increasing size of House of Representatives,FALSE,0,0.4005,0.3048,0.4253,0.2807,0.5152,0.3436,0.4225,0.2306,0.2824,0.4253,0.5152
200005127,White,Woman,Some College,R,Increasing size of House of Representatives,FALSE,0,0.3962,0.2728,0.5376,0.3808,0.3841,0.3426,0.4005,0.3345,0.3208,0.5376,0.4005
200005270,Asian,Man,4-Year,R,Increasing size of House of Representatives,FALSE,0,0.3497,0.2267,0.5538,0.2967,0.3129,0.3198,0.6021,0.279,0.4615,0.5538,0.6021
200005608,All Other,Woman,4-Year,R,Increasing size of House of Representatives,FALSE,0,0.1193,0.0914,0.1422,0.1074,0.0532,-0.0172,0.1714,0.0775,0.1076,0.1422,0.1714
200005961,White,Man,4-Year,R,Increasing size of House of Representatives,FALSE,0,0.2933,0.2264,0.2548,0.4234,0.0959,0.3064,0.2851,0.3447,0.2482,0.4234,0.3447
200005987,White,Woman,Post-Grad,R,Increasing size of House of Representatives,FALSE,0,0.3234,0.1688,0.2988,0.3837,0.1981,0.2162,0.2657,0.4033,0.1553,0.3837,0.4033
200005994,White,Woman,4-Year,R,Increasing size of House of Representatives,FALSE,0,0.2577,0.2745,0.5163,0.0179,0.4387,0.1327,0.3374,0.157,0.0868,0.5163,0.4387
200005995,White,Man,Some College,R,Increasing size of House of Representatives,FALSE,0,0.4541,0.2912,0.4063,0.5518,0.2799,0.4835,0.4842,0.5282,0.3905,0.5518,0.5282
200006069,White,Man,Some College,R,Increasing size of House of Representatives,FALSE,0,0.352,0.2094,0.4222,0.3918,0.2201,0.3667,0.438,0.3883,0.3712,0.4222,0.438
200006110,White,Woman,4-Year,D,Increasing size of House of Representatives,FALSE,0,0.1748,0.2114,0.1407,0.1763,0.1559,0.2855,0.0965,0.2058,0.0947,0.2114,0.2855
200006161,White,Man,Some College,R,Increasing size of House of Representatives,FALSE,0,0.2117,0.2861,0.2151,0.1757,0.2123,0.1908,0.3275,0.1846,0.1906,0.2861,0.3275
300000014,White,Woman,Some College,R,Increasing size of House of Representatives,FALSE,0,0.5895,0.5167,0.6114,0.3561,0.3176,0.4879,0.5277,0.5329,0.3868,0.6114,0.5329
300000018,All Other,Woman,Some College,R,Increasing size of House of Representatives,FALSE,0,0.033,0.0872,0.2772,-0.0144,0.3066,0.0271,0.1848,0.0954,0.0672,0.2772,0.3066
300000049,White,Woman,Post-Grad,D,Increasing size of House of Representatives,FALSE,0,0.1003,0.2511,0.1607,0.2873,0.1347,0.4689,0.2488,0.1642,0.2274,0.2873,0.4689
300000052,White,Woman,4-Year,I,Increasing size of House of Representatives,FALSE,0,0.3261,0.3643,0.3354,0.2852,0.2531,0.425,0.3224,0.3326,0.2136,0.3643,0.425
300000088,White,Man,HS or Less,D,Increasing size of House of Representatives,FALSE,0,0.3881,0.289,0.3553,0.3914,0.2023,0.3432,0.5471,0.3654,0.4399,0.3914,0.5471
300000098,White,Man,4-Year,R,Increasing size of House of Representatives,FALSE,0,0.3675,0.2574,0.5094,0.3198,0.3037,0.3399,0.4432,0.374,0.3548,0.5094,0.4432
300000120,Hispanic,Woman,HS or Less,D,Increasing size of House of Representatives,FALSE,0,0.0336,0.093,0.1698,-0.0782,0.1282,-0.0408,-0.0357,-0.0465,-0.0987,0.1698,0.1282
300000159,Black,Woman,Post-Grad,D,Increasing size of House of Representatives,FALSE,0,0.3106,0.3095,0.3453,0.367,0.2378,0.4027,0.3052,0.3341,0.2871,0.367,0.4027
300000219,White,Man,HS or Less,I,Increasing size of House of Representatives,FALSE,0,0.3165,0.3124,0.4513,0.2901,0.3531,0.4415,0.3102,0.2305,0.3648,0.4513,0.4415
300000243,White,Man,4-Year,D,Increasing size of House of Representatives,FALSE,0,0.5686,0.6701,0.4198,0.3484,0.2255,0.4675,0.4605,0.6507,0.4094,0.6701,0.6507
300000262,White,Man,Some College,R,Increasing size of House of Representatives,FALSE,0,0.341,0.199,0.2711,0.4821,0.1574,0.3406,0.2471,0.4334,0.2353,0.4821,0.4334
300000263,White,Man,4-Year,I,Increasing size of House of Representatives,FALSE,0,0.2269,0.1863,0.2849,0.2343,0.1472,0.1256,0.2211,0.1585,0.1378,0.2849,0.2211
300000264,White,Man,4-Year,R,Increasing size of House of Representatives,FALSE,0,0.3091,0.3313,0.467,0.2934,0.2496,0.406,0.4111,0.3015,0.2273,0.467,0.4111
300000276,White,Woman,4-Year,R,Increasing size of House of Representatives,FALSE,0,0.4399,0.3739,0.4504,0.3329,0.3075,0.4952,0.3957,0.4139,0.3562,0.4504,0.4952
300000277,White,Woman,Post-Grad,R,Increasing size of House of Representatives,FALSE,0,0.2111,0.1566,0.1464,0.3423,0.0632,0.2184,0.1558,0.2175,0.1597,0.3423,0.2184
300000280,White,Man,4-Year,R,Increasing size of House of Representatives,FALSE,0,0.4447,0.3858,0.4433,0.3951,0.3012,0.3867,0.4567,0.4102,0.3199,0.4433,0.4567
300000283,White,Man,Post-Grad,R,Increasing size of House of Representatives,FALSE,0,0.5711,0.4374,0.5253,0.4572,0.3256,0.5244,0.4923,0.5047,0.5024,0.5253,0.5244
300000284,White,Man,HS or Less,R,Increasing size of House of Representatives,FALSE,0,0.1313,0.2379,0.1963,0.0855,0.1508,0.1275,0.2635,0.1413,0.1185,0.2379,0.2635
300000291,White,Woman,Post-Grad,R,Increasing size of House of Representatives,FALSE,0,0.3695,0.2552,0.3009,0.3663,0.1118,0.3219,0.231,0.2816,0.237,0.3663,0.3219
300000325,White,Man,Some College,R,Increasing size of House of Representatives,FALSE,0,0.2327,0.3032,0.2376,0.1637,0.2082,0.1836,0.3375,0.1898,0.1909,0.3032,0.3375
300000344,White,Woman,4-Year,D,Increasing size of House of Representatives,FALSE,0,0.2266,0.2868,0.3498,0.3199,0.3581,0.2765,0.1383,0.1481,0.0706,0.3498,0.3581
300000370,White,Man,4-Year,I,Increasing size of House of Representatives,FALSE,0,0.4133,0.3594,0.4653,0.3944,0.3756,0.4716,0.3759,0.3795,0.3568,0.4653,0.4716
300000376,White,Woman,Some College,R,Increasing size of House of Representatives,FALSE,0,0.2312,0.2173,0.5223,0.2192,0.4672,0.228,0.2894,0.257,0.1277,0.5223,0.4672
300000394,All Other,Man,4-Year,I,Increasing size of House of Representatives,FALSE,0,0.3936,0.2837,0.3529,0.3644,0.3118,0.3105,0.2951,0.3725,0.2122,0.3644,0.3725
300000403,White,Woman,Some College,R,Increasing size of House of Representatives,FALSE,0,0.1407,0.143,0.2351,0.1143,0.0905,0.1893,0.1693,0.0785,0.2143,0.2351,0.2143
300000421,White,Man,Some College,R,Increasing size of House of Representatives,FALSE,0,0.1015,0.1149,0.0521,0.0308,-0.0258,0.0412,0.0506,0.0282,0.0579,0.1149,0.0579
300000423,Hispanic,Man,Some College,D,Increasing size of House of Representatives,FALSE,0,0.3965,0.2823,0.527,0.48,0.3726,0.4278,0.4355,0.3611,0.3032,0.527,0.4355
300000472,White,Man,HS or Less,R,Increasing size of House of Representatives,FALSE,0,0.01,-0.0056,-0.0749,0.1212,-0.0284,0.0537,-0.0775,-0.0757,-0.0042,0.1212,0.0537
300000552,White,Man,4-Year,R,Increasing size of House of Representatives,FALSE,0,0.1959,0.3188,0.3667,0.2399,0.169,0.4135,0.4089,0.3335,0.2862,0.3667,0.4135
300000619,White,Man,HS or Less,I,Increasing size of House of Representatives,FALSE,0,0.4461,0.5514,0.1706,0.1658,0.0993,0.2424,0.1316,0.5244,0.09,0.5514,0.5244
300000673,White,Woman,HS or Less,D,Increasing size of House of Representatives,FALSE,0,0.2283,0.2382,0.2459,0.193,0.2005,0.269,0.3006,0.2628,0.1713,0.2459,0.3006
300000678,White,Man,HS or Less,R,Increasing size of House of Representatives,FALSE,0,0.2665,0.2618,0.4333,0.2358,0.3017,0.2865,0.2993,0.2342,0.2082,0.4333,0.3017
300000692,White,Woman,HS or Less,I,Increasing size of House of Representatives,FALSE,0,0.3515,0.3029,0.5527,0.3705,0.1831,0.458,0.6377,0.3828,0.4362,0.5527,0.6377
300000737,White,Man,HS or Less,R,Increasing size of House of Representatives,FALSE,0,0.2732,0.2309,0.4566,0.1646,0.4453,0.156,0.2928,0.1499,0.1013,0.4566,0.4453
300000747,All Other,Man,HS or Less,I,Increasing size of House of Representatives,FALSE,0,-0.046,0.0302,-0.0555,0.1243,0.0195,0.0554,0.0679,0.0193,0.0169,0.1243,0.0679
300000782,White,Man,4-Year,D,Increasing size of House of Representatives,FALSE,0,0.2664,0.2515,0.156,0.28,0.168,0.3287,0.2125,0.2946,0.182,0.28,0.3287
300000823,White,Woman,HS or Less,D,Increasing size of House of Representatives,FALSE,0,0.4502,0.3393,0.4464,0.4203,0.3473,0.3779,0.4078,0.4698,0.3354,0.4464,0.4698
300000854,White,Woman,Post-Grad,D,Increasing size of House of Representatives,FALSE,0,0.3431,0.4683,0.3176,0.2197,0.2843,0.4735,0.2832,0.3424,0.203,0.4683,0.4735
300000861,White,Man,4-Year,D,Increasing size of House of Representatives,FALSE,0,0.3413,0.2787,0.3375,0.2258,0.1833,0.263,0.3203,0.3736,0.1626,0.3375,0.3736
300000893,White,Man,4-Year,D,Increasing size of House of Representatives,FALSE,0,0.2892,0.3741,0.3631,0.2667,0.2625,0.3172,0.3563,0.2659,0.2466,0.3741,0.3563
300000899,Black,Man,Some College,D,Increasing size of House of Representatives,FALSE,0,0.5275,0.4046,0.4368,0.4522,0.2006,0.5298,0.5079,0.4787,0.4449,0.4522,0.5298
300000904,White,Woman,4-Year,D,Increasing size of House of Representatives,FALSE,0,0.2945,0.2635,0.5133,0.3117,0.2755,0.3417,0.6246,0.2782,0.3786,0.5133,0.6246
300000955,White,Woman,Some College,D,Increasing size of House of Representatives,FALSE,0,0.2699,0.215,0.3131,0.3403,0.281,0.3213,0.2901,0.2936,0.285,0.3403,0.3213
300000976,White,Man,HS or Less,D,Increasing size of House of Representatives,FALSE,0,0.0714,0.0137,0.1144,0.1248,0.0508,-0.0198,0.0404,0.0542,0.1084,0.1248,0.1084
300000993,White,Woman,Post-Grad,I,Increasing size of House of Representatives,FALSE,0,0.4691,0.3608,0.5133,0.4206,0.277,0.4045,0.5061,0.4487,0.3866,0.5133,0.5061
300001003,Hispanic,Man,Some College,R,Increasing size of House of Representatives,FALSE,0,0.4036,0.2941,0.5504,0.3379,0.201,0.4294,0.654,0.3782,0.4093,0.5504,0.654
300001004,Black,Man,Some College,I,Increasing size of House of Representatives,FALSE,0,0.1665,0.1233,0.2337,0.3229,0.2242,0.2079,0.2069,0.1971,0.1774,0.3229,0.2242
300001027,White,Man,HS or Less,R,Increasing size of House of Representatives,FALSE,0,0.3392,0.3191,0.3422,0.2842,0.184,0.4486,0.3185,0.3675,0.2893,0.3422,0.4486
300001079,White,Man,Some College,R,Increasing size of House of Representatives,FALSE,0,0.2087,0.2607,0.2395,0.4122,0.1602,0.5255,0.3218,0.1837,0.319,0.4122,0.5255
300001082,White,Man,Some College,R,Increasing size of House of Representatives,FALSE,0,0.4152,0.3589,0.3886,0.3208,0.1556,0.284,0.3868,0.34,0.3805,0.3886,0.3868
300001094,White,Man,HS or Less,R,Increasing size of House of Representatives,FALSE,0,0.4043,0.2786,0.6104,0.241,0.4334,0.3031,0.4498,0.2617,0.2333,0.6104,0.4498
300001099,White,Man,4-Year,R,Increasing size of House of Representatives,FALSE,0,0.1755,0.1365,0.3608,0.2703,0.1847,0.2724,0.3003,0.2184,0.3383,0.3608,0.3383
300001102,White,Man,Some College,R,Increasing size of House of Representatives,FALSE,0,0.4032,0.3163,0.4523,0.2976,0.2831,0.3852,0.4376,0.3313,0.3385,0.4523,0.4376
300001118,White,Woman,4-Year,R,Increasing size of House of Representatives,FALSE,0,0.0866,0.1873,0.1296,0.0249,0.0717,0.104,0.1162,0.109,0.0101,0.1873,0.1162
300001157,White,Man,HS or Less,R,Increasing size of House of Representatives,FALSE,0,0.1828,0.1738,0.1677,0.2148,0.1015,0.2863,0.257,0.0955,0.3614,0.2148,0.3614
300001163,White,Woman,Some College,R,Increasing size of House of Representatives,FALSE,0,0.2943,0.2933,0.4351,0.3039,0.1869,0.3565,0.4892,0.301,0.3179,0.4351,0.4892
300001185,White,Woman,HS or Less,D,Increasing size of House of Representatives,FALSE,0,0.1592,0.1687,0.2609,0.1611,0.0915,0.2044,0.2744,0.1262,0.2546,0.2609,0.2744
300001199,White,Woman,Some College,R,Increasing size of House of Representatives,FALSE,0,0.4739,0.3628,0.3208,0.3464,0.1665,0.3771,0.2801,0.2754,0.31,0.3628,0.3771
300001217,White,Man,HS or Less,R,Increasing size of House of Representatives,FALSE,0,0.0236,0.1145,0.0286,0.24,-0.0287,0.1909,0.0204,0.0242,0.0644,0.24,0.1909
300001225,White,Man,Post-Grad,R,Increasing size of House of Representatives,FALSE,0,0.5121,0.4378,0.5779,0.4505,0.3479,0.6055,0.5391,0.4918,0.4565,0.5779,0.6055
300001243,White,Woman,4-Year,R,Increasing size of House of Representatives,FALSE,0,0.091,0.1309,0.0955,0.2476,0.1447,0.2298,0.1662,0.1207,0.2235,0.2476,0.2298
300001256,Black,Woman,Some College,D,Increasing size of House of Representatives,FALSE,0,0.0384,0.0637,0.0701,0.0658,0.0565,0.0973,-0.0023,-0.0057,0.0805,0.0701,0.0973
300001269,White,Man,Post-Grad,D,Increasing size of House of Representatives,FALSE,0,0.3192,0.3253,0.5395,0.2774,0.2145,0.4857,0.5976,0.3967,0.3937,0.5395,0.5976
300001273,White,Woman,HS or Less,R,Increasing size of House of Representatives,FALSE,0,0.1861,0.1326,0.1427,0.1681,0.1156,0.1625,0.17,0.1342,0.1639,0.1681,0.17
300001279,White,Woman,4-Year,R,Increasing size of House of Representatives,FALSE,0,0.2895,0.1907,0.506,0.2955,0.4641,0.2993,0.4589,0.1777,0.1909,0.506,0.4641
300001292,White,Man,4-Year,R,Increasing size of House of Representatives,FALSE,0,0.3516,0.3177,0.4325,0.3229,0.215,0.4247,0.3633,0.4077,0.2719,0.4325,0.4247
300001300,White,Woman,Some College,R,Increasing size of House of Representatives,FALSE,0,0.1762,0.1676,0.368,0.2145,0.1088,0.3164,0.457,0.2198,0.3191,0.368,0.457
300001329,White,Man,Some College,I,Increasing size of House of Representatives,FALSE,0,0.0788,0.0397,0.2733,0.1648,0.3584,0.0391,0.0905,-0.0047,0.0565,0.2733,0.3584
300001374,All Other,Man,4-Year,R,Increasing size of House of Representatives,FALSE,0,0.2997,0.2305,0.3601,0.2493,0.2939,0.3481,0.3833,0.2476,0.438,0.3601,0.438
300001419,White,Man,Some College,R,Increasing size of House of Representatives,FALSE,0,0.1789,0.2008,0.1593,0.1863,0.0851,0.2082,0.1954,0.2415,0.0865,0.2008,0.2415
300001432,White,Man,Post-Grad,R,Increasing size of House of Representatives,FALSE,0,0.3348,0.342,0.424,0.2529,0.1365,0.397,0.5025,0.3801,0.3136,0.424,0.5025
300001434,White,Man,4-Year,I,Increasing size of House of Representatives,FALSE,0,0.2672,0.1981,0.5093,0.3561,0.2188,0.3515,0.5075,0.3043,0.3066,0.5093,0.5075
300001436,White,Woman,Post-Grad,I,Increasing size of House of Representatives,FALSE,0,0.4071,0.3733,0.4621,0.3013,0.4159,0.3905,0.413,0.4458,0.2646,0.4621,0.4458
300001466,White,Man,4-Year,R,Increasing size of House of Representatives,FALSE,0,0.2541,0.2726,0.3465,0.2236,0.2459,0.1821,0.3763,0.2391,0.2096,0.3465,0.3763
300001522,White,Man,Post-Grad,R,Increasing size of House of Representatives,FALSE,0,0.171,0.123,0.3429,0.2747,0.3591,0.1443,0.2284,0.1498,0.2437,0.3429,0.3591
300001547,White,Man,HS or Less,R,Increasing size of House of Representatives,FALSE,0,0.2401,0.2755,0.2,0.1673,0.209,0.3058,0.2095,0.2256,0.2773,0.2755,0.3058
300001570,White,Man,Some College,I,Increasing size of House of Representatives,FALSE,0,0.373,0.3512,0.4039,0.2691,0.2359,0.3806,0.3726,0.3379,0.2685,0.4039,0.3806
300001577,White,Man,4-Year,I,Increasing size of House of Representatives,FALSE,0,0.1101,0.0415,0.2294,0.2035,0.0908,0.0931,0.2354,0.1008,0.06,0.2294,0.2354
300001581,White,Man,4-Year,I,Increasing size of House of Representatives,FALSE,0,0.122,0.2042,0.2533,0.3453,0.1097,0.4175,0.3935,0.1572,0.3513,0.3453,0.4175
300001602,White,Woman,4-Year,D,Increasing size of House of Representatives,FALSE,0,0.3483,0.2967,0.481,0.4611,0.3523,0.4799,0.3964,0.3142,0.3487,0.481,0.4799
300001611,White,Man,4-Year,I,Increasing size of House of Representatives,FALSE,0,0.1511,0.085,0.243,0.2398,0.2333,0.1707,0.3754,0.1379,0.2181,0.243,0.3754
300001630,White,Man,Post-Grad,D,Increasing size of House of Representatives,FALSE,0,0.44,0.4093,0.4927,0.4014,0.3018,0.5462,0.5061,0.5519,0.3376,0.4927,0.5519
300001658,All Other,Man,Some College,I,Increasing size of House of Representatives,FALSE,0,0.316,0.2662,0.4811,0.3494,0.2304,0.4172,0.4886,0.3588,0.2976,0.4811,0.4886
300001687,White,Man,4-Year,R,Increasing size of House of Representatives,FALSE,0,0.2802,0.1844,0.4561,0.3663,0.1993,0.3639,0.4126,0.2051,0.3291,0.4561,0.4126
300001699,White,Man,Some College,R,Increasing size of House of Representatives,FALSE,0,0.3262,0.2602,0.3391,0.3138,0.1843,0.3592,0.408,0.31,0.3061,0.3391,0.408
300001737,White,Man,Some College,R,Increasing size of House of Representatives,FALSE,0,0.1956,0.1357,0.2227,0.2212,0.122,0.1761,0.2124,0.1302,0.275,0.2227,0.275
300001750,White,Woman,Some College,R,Increasing size of House of Representatives,FALSE,0,0.562,0.4576,0.4734,0.4179,0.2693,0.5334,0.3758,0.5326,0.4125,0.4734,0.5334
300001789,White,Man,Some College,R,Increasing size of House of Representatives,FALSE,0,0.3123,0.2607,0.382,0.4208,0.3503,0.3742,0.3911,0.2349,0.3624,0.4208,0.3911
300001790,Black,Woman,HS or Less,D,Increasing size of House of Representatives,FALSE,0,0.1156,0.0591,0.0739,0.186,0.0048,0.1275,0.0282,0.03,0.0715,0.186,0.1275
100000010,All Other,Man,HS or Less,R,Increasing size of House of Representatives,TRUE,1,0.0583,0.0523,0.0223,0.2025,0.1487,-0.067,0.039,0.1279,-0.0189,0.2025,0.1487
100000012,White,Woman,HS or Less,R,Increasing size of House of Representatives,TRUE,1,0.1347,0.0851,0.1551,0.0915,0.0732,0.1176,0.1232,0.0906,0.1703,0.1551,0.1703
100000013,White,Man,HS or Less,I,Increasing size of House of Representatives,TRUE,1,0.1791,0.2164,0.1865,0.2216,0.1449,0.1908,0.1308,0.196,0.1082,0.2216,0.196
100000029,Black,Man,HS or Less,D,Increasing size of House of Representatives,TRUE,1,0.082,0.0637,0.0956,0.0275,0.0628,0.0524,0.0098,0.0491,0.0938,0.0956,0.0938
100000036,White,Man,Some College,D,Increasing size of House of Representatives,TRUE,1,0.1043,0.1631,0.1961,0.0594,0.1303,0.1972,0.1466,0.1806,0.1036,0.1961,0.1972
100000038,White,Man,Some College,I,Increasing size of House of Representatives,TRUE,1,0.1922,0.3197,0.2581,0.2306,0.2674,0.1929,0.2203,0.3197,0.2186,0.3197,0.3197
100000045,White,Man,HS or Less,R,Increasing size of House of Representatives,TRUE,1,0.1771,0.148,0.1697,0.212,0.1734,0.1259,0.2003,0.2104,0.202,0.212,0.2104
100000052,White,Man,4-Year,D,Increasing size of House of Representatives,TRUE,1,-0.0233,-0.0355,0.0091,0.029,0.0716,0.0253,-0.0271,0.0422,-0.0191,0.029,0.0716
100000053,Hispanic,Woman,4-Year,I,Increasing size of House of Representatives,TRUE,1,0.4022,0.5249,0.3863,0.3989,0.4618,0.3462,0.3467,0.3983,0.2803,0.5249,0.4618
100000064,White,Man,HS or Less,I,Increasing size of House of Representatives,TRUE,1,0.1605,0.0945,0.1382,0.1546,0.1272,0.1155,0.1377,0.1496,0.0625,0.1546,0.1496
100000073,White,Man,HS or Less,D,Increasing size of House of Representatives,TRUE,1,0.3549,0.4007,0.291,0.3492,0.3115,0.2367,0.3077,0.4527,0.2918,0.4007,0.4527
100000086,Black,Woman,HS or Less,D,Increasing size of House of Representatives,TRUE,1,0.0212,-0.0065,0.0436,0.0311,0.0193,0.0098,-0.0032,0.061,0.0098,0.0436,0.061
100000103,White,Woman,Some College,R,Increasing size of House of Representatives,TRUE,1,0.2491,0.2029,0.2802,0.2921,0.1242,0.2971,0.1671,0.2527,0.2833,0.2921,0.2971
100000115,White,Woman,HS or Less,R,Increasing size of House of Representatives,TRUE,1,0.1163,0.1335,0.1236,0.1439,0.0705,0.1516,0.1142,0.0811,0.1236,0.1439,0.1516
100000130,White,Man,HS or Less,R,Increasing size of House of Representatives,TRUE,1,0.4675,0.472,0.4513,0.398,0.593,0.4464,0.279,0.4189,0.244,0.472,0.593
100000132,White,Man,Some College,D,Increasing size of House of Representatives,TRUE,1,0.0085,0.0292,0.0186,0.0032,-0.0112,0.0005,-0.0183,0.0072,0.0464,0.0292,0.0464
100000180,Black,Woman,4-Year,I,Increasing size of House of Representatives,TRUE,1,0.3857,0.2986,0.3158,0.4277,0.3012,0.2483,0.3658,0.3447,0.228,0.4277,0.3658
100000189,White,Woman,Post-Grad,D,Increasing size of House of Representatives,TRUE,1,0.3582,0.4175,0.3215,0.2734,0.3862,0.2341,0.2759,0.4123,0.1521,0.4175,0.4123
100000194,White,Man,HS or Less,R,Increasing size of House of Representatives,TRUE,1,0.2854,0.3407,0.2493,0.2274,0.3074,0.259,0.2216,0.2062,0.1237,0.3407,0.3074
100000212,White,Woman,4-Year,I,Increasing size of House of Representatives,TRUE,1,0.0207,0.0121,0.039,0.0708,-0.0399,-0.0036,0.0583,-0.0059,0.0751,0.0708,0.0751
100000215,White,Man,HS or Less,R,Increasing size of House of Representatives,TRUE,1,-0.0649,-0.0138,0.0644,-0.0054,-0.0568,-0.0102,-0.0132,0.0297,-0.1007,0.0644,0.0297
100000228,Hispanic,Man,Some College,D,Increasing size of House of Representatives,TRUE,1,0.3457,0.3123,0.3427,0.4046,0.2956,0.3502,0.3604,0.3829,0.3606,0.4046,0.3829
100000248,Hispanic,Woman,4-Year,D,Increasing size of House of Representatives,TRUE,1,0.0507,0.0579,0.0541,-0.0437,0.0562,0.0179,0.0025,0.0328,0.0982,0.0579,0.0982
100000257,Asian,Man,Some College,D,Increasing size of House of Representatives,TRUE,1,0.1499,0.1572,0.1209,0.221,0.1128,0.1537,0.1234,0.0815,0.0868,0.221,0.1537
100000258,White,Man,HS or Less,I,Increasing size of House of Representatives,TRUE,1,0.0675,0.0443,0.0802,-0.0293,0.0293,0.0542,-0.0139,0.0013,0.1497,0.0802,0.1497
100000270,Black,Woman,4-Year,D,Increasing size of House of Representatives,TRUE,1,0.021,0.0574,0.0455,-0.0388,0.0539,-0.0288,-0.0275,0.0138,0.0514,0.0574,0.0539
100000290,Asian,Man,4-Year,D,Increasing size of House of Representatives,TRUE,1,-0.0514,-0.0134,-0.0081,0.0211,-0.059,-0.0976,-0.0694,-0.0061,-0.0033,0.0211,-0.0033
100000292,White,Man,HS or Less,I,Increasing size of House of Representatives,TRUE,1,0.1659,0.2189,0.0886,0.0903,0.2715,0.0716,0.0776,0.1472,0.0554,0.2189,0.2715
100000297,Black,Man,Some College,I,Increasing size of House of Representatives,TRUE,1,0.4368,0.3812,0.3178,0.4504,0.4024,0.2836,0.4251,0.4549,0.218,0.4504,0.4549
100000298,Black,Man,Some College,D,Increasing size of House of Representatives,TRUE,1,0.0347,0.0653,-0.0133,0.0958,0.1685,-0.0012,-0.0302,0.095,-0.0361,0.0958,0.1685
100000299,Black,Woman,Some College,D,Increasing size of House of Representatives,TRUE,1,-0.0038,0.0172,0.013,-0.0235,-0.025,-0.0055,-0.0702,-0.0362,-0.0282,0.0172,-0.0055
100000335,Black,Man,4-Year,D,Increasing size of House of Representatives,TRUE,1,0.3317,0.3839,0.429,0.3351,0.3472,0.3768,0.3028,0.3792,0.1919,0.429,0.3792
100000343,Hispanic,Woman,Post-Grad,D,Increasing size of House of Representatives,TRUE,1,0.1533,0.1828,0.1265,0.1406,0.1923,0.155,0.1086,0.1089,0.1258,0.1828,0.1923
100000364,Black,Woman,4-Year,D,Increasing size of House of Representatives,TRUE,1,0.2022,0.147,0.2606,0.3155,0.1455,0.1924,0.2041,0.2402,0.1669,0.3155,0.2402
100000371,Black,Woman,4-Year,R,Increasing size of House of Representatives,TRUE,1,0.3851,0.3682,0.3358,0.5491,0.2853,0.3021,0.4495,0.4494,0.207,0.5491,0.4495
100000373,White,Man,Some College,D,Increasing size of House of Representatives,TRUE,1,0.5083,0.4608,0.3959,0.3344,0.4465,0.3303,0.3812,0.4717,0.1808,0.4608,0.4717
100000374,White,Woman,Post-Grad,D,Increasing size of House of Representatives,TRUE,1,0.321,0.2775,0.1812,0.378,0.2879,0.1349,0.3189,0.3068,0.079,0.378,0.3189
100000399,White,Man,HS or Less,D,Increasing size of House of Representatives,TRUE,1,0.3401,0.3865,0.3587,0.318,0.3839,0.32,0.3009,0.4244,0.173,0.3865,0.4244
100000405,White,other gender,4-Year,I,Increasing size of House of Representatives,TRUE,1,0.541,0.5236,0.475,0.5829,0.4951,0.4406,0.5021,0.5246,0.3517,0.5829,0.5246
100000418,Hispanic,Man,Some College,D,Increasing size of House of Representatives,TRUE,1,0.2588,0.3578,0.3335,0.3713,0.2923,0.317,0.3559,0.3893,0.2864,0.3713,0.3893
100000426,Asian,Woman,4-Year,D,Increasing size of House of Representatives,TRUE,1,0.5113,0.4949,0.5173,0.3334,0.6663,0.5075,0.3594,0.3689,0.1838,0.5173,0.6663
100000441,Hispanic,Woman,Some College,D,Increasing size of House of Representatives,TRUE,1,0.3864,0.3115,0.3706,0.2441,0.2296,0.3272,0.1786,0.3528,0.3029,0.3706,0.3528
100000449,White,Man,HS or Less,R,Increasing size of House of Representatives,TRUE,1,0.0645,0.0737,0.0478,0.1675,0.1229,0.0294,0.0852,0.1266,0.1694,0.1675,0.1694
100000450,Black,Man,Some College,D,Increasing size of House of Representatives,TRUE,1,-0.0017,0.0323,-0.0099,0.0337,-0.0004,0.0332,-0.0227,-0.0048,-0.0358,0.0337,0.0332
100000463,White,Woman,4-Year,D,Increasing size of House of Representatives,TRUE,1,0.2763,0.3631,0.1512,0.163,0.1529,0.129,0.145,0.0653,0.2483,0.3631,0.2483
100000466,Hispanic,Man,Some College,R,Increasing size of House of Representatives,TRUE,1,0.1479,0.0932,0.1694,0.2287,0.1503,0.086,0.1905,0.1959,0.0494,0.2287,0.1959
100000468,All Other,Man,HS or Less,R,Increasing size of House of Representatives,TRUE,1,0.1018,0.068,0.1317,0.075,0.1005,0.0846,0.0995,0.1179,0.1377,0.1317,0.1377
100000495,White,Woman,4-Year,D,Increasing size of House of Representatives,TRUE,1,0.0196,0.0685,-0.02,0.0734,0.0676,-0.0685,0.0969,0.0286,0.0496,0.0734,0.0969
100000504,White,Man,Some College,I,Increasing size of House of Representatives,TRUE,1,0.1618,0.1877,0.1624,0.0761,0.1563,0.1202,0.1591,0.1475,0.1662,0.1877,0.1662
100000512,White,Man,HS or Less,I,Increasing size of House of Representatives,TRUE,1,0.5287,0.4724,0.4001,0.4705,0.4098,0.3827,0.4057,0.513,0.4107,0.4724,0.513
100000555,Black,Woman,HS or Less,D,Increasing size of House of Representatives,TRUE,1,0.0501,0.0668,0.0545,0.0085,0.0801,0.0564,0.0768,0.0162,0.0271,0.0668,0.0801
100000556,Black,Man,Some College,I,Increasing size of House of Representatives,TRUE,1,0.3387,0.3898,0.2836,0.3017,0.3607,0.2863,0.2508,0.2689,0.1181,0.3898,0.3607
100000575,White,Man,Some College,I,Increasing size of House of Representatives,TRUE,1,0.4709,0.4201,0.2244,0.3108,0.4711,0.2177,0.2616,0.4008,0.074,0.4201,0.4711
100000578,Black,Man,HS or Less,I,Increasing size of House of Representatives,TRUE,1,-0.0421,0.0381,-0.0346,0.0739,0.0918,-0.1077,0.0694,0.0596,-0.0359,0.0739,0.0918
100000603,White,Woman,4-Year,D,Increasing size of House of Representatives,TRUE,1,0.057,-0.0091,0.1041,-0.0191,0.0201,0.0055,0.0023,-0.0224,0.091,0.1041,0.091
100000616,White,Man,Some College,I,Increasing size of House of Representatives,TRUE,1,0.4097,0.406,0.4162,0.2554,0.4656,0.3436,0.2961,0.3385,0.3471,0.4162,0.4656
100000622,White,Man,Some College,D,Increasing size of House of Representatives,TRUE,1,0.0459,0.1148,0.0644,0.2728,0.124,0.0218,0.2171,0.206,0.0097,0.2728,0.2171
100000644,Black,Man,HS or Less,I,Increasing size of House of Representatives,TRUE,1,0.1696,0.1724,0.1975,0.14,0.154,0.1417,0.2044,0.2259,0.26,0.1975,0.26
100000657,White,Woman,4-Year,R,Increasing size of House of Representatives,TRUE,1,0.1132,0.1273,0.0811,0.2319,0.1152,0.0326,0.1617,0.1654,0.11,0.2319,0.1654
100000681,White,Man,4-Year,D,Increasing size of House of Representatives,TRUE,1,0.4228,0.4691,0.3802,0.4242,0.4947,0.3499,0.3892,0.4498,0.2611,0.4691,0.4947
100000688,White,Woman,4-Year,D,Increasing size of House of Representatives,TRUE,1,0.0412,0.0486,0.0582,-0.0242,0.0552,0.0344,0.0186,-0.0086,0.1684,0.0582,0.1684
100000720,White,Woman,4-Year,R,Increasing size of House of Representatives,TRUE,1,0.5167,0.4343,0.5324,0.4072,0.5407,0.5057,0.3818,0.5099,0.2447,0.5324,0.5407
100000721,White,Woman,HS or Less,D,Increasing size of House of Representatives,TRUE,1,0.5751,0.3823,0.6192,0.3096,0.5266,0.637,0.2352,0.3562,0.1379,0.6192,0.637
100000723,Black,Man,Post-Grad,D,Increasing size of House of Representatives,TRUE,1,0.4587,0.4922,0.3886,0.4266,0.4462,0.3753,0.3229,0.3512,0.3586,0.4922,0.4462
100000730,White,Woman,Post-Grad,R,Increasing size of House of Representatives,TRUE,1,0.422,0.4241,0.4582,0.2148,0.5327,0.4365,0.3007,0.3372,0.2314,0.4582,0.5327
100000732,White,Man,Some College,I,Increasing size of House of Representatives,TRUE,1,0.528,0.3749,0.5715,0.3008,0.3501,0.7202,0.1582,0.3647,0.229,0.5715,0.7202
100000740,White,Man,HS or Less,D,Increasing size of House of Representatives,TRUE,1,0.1679,0.179,0.1739,0.2083,0.1915,0.1318,0.1752,0.2092,0.1542,0.2083,0.2092
100000757,All Other,Man,Post-Grad,D,Increasing size of House of Representatives,TRUE,1,0.4385,0.5273,0.4181,0.3198,0.3901,0.4973,0.2761,0.4427,0.3352,0.5273,0.4973
100000761,White,Woman,Some College,D,Increasing size of House of Representatives,TRUE,1,0.5788,0.3717,0.6179,0.2844,0.4334,0.6356,0.2448,0.3891,0.1492,0.6179,0.6356
100000795,White,Man,Post-Grad,D,Increasing size of House of Representatives,TRUE,1,0.4941,0.4693,0.3128,0.4221,0.5298,0.3006,0.3919,0.4804,0.0978,0.4693,0.5298
100000806,White,Man,Post-Grad,D,Increasing size of House of Representatives,TRUE,1,0.2001,0.2593,0.1659,0.0491,0.1912,0.2734,0.0803,0.1894,0.1652,0.2593,0.2734
100000840,White,Woman,HS or Less,D,Increasing size of House of Representatives,TRUE,1,0.5102,0.5297,0.5103,0.2612,0.6377,0.4938,0.352,0.3556,0.2484,0.5297,0.6377
100000858,White,Woman,4-Year,I,Increasing size of House of Representatives,TRUE,1,0.5256,0.5055,0.397,0.3501,0.4776,0.4859,0.351,0.4735,0.258,0.5055,0.4859
100000861,White,Man,Some College,R,Increasing size of House of Representatives,TRUE,1,0.3604,0.4765,0.4048,0.1502,0.4902,0.4661,0.2834,0.3219,0.2922,0.4765,0.4902
100000862,White,Woman,Some College,R,Increasing size of House of Representatives,TRUE,1,0.3203,0.301,0.2568,0.1864,0.2348,0.2753,0.2236,0.169,0.21,0.301,0.2753
100000959,White,Man,HS or Less,D,Increasing size of House of Representatives,TRUE,1,0.451,0.4937,0.4164,0.2638,0.6578,0.3269,0.3185,0.4606,0.1761,0.4937,0.6578
100001027,White,Woman,Some College,D,Increasing size of House of Representatives,TRUE,1,0.3266,0.4764,0.3608,0.3008,0.3789,0.3374,0.2697,0.3731,0.2947,0.4764,0.3789
100001043,Black,Woman,HS or Less,D,Increasing size of House of Representatives,TRUE,1,0.1909,0.1793,0.2113,0.1933,0.2435,0.2083,0.0794,0.1704,0.1617,0.2113,0.2435
100001054,White,Woman,4-Year,D,Increasing size of House of Representatives,TRUE,1,0.5521,0.5319,0.5602,0.3662,0.6685,0.5331,0.3806,0.4815,0.2321,0.5602,0.6685
100001070,White,Woman,4-Year,I,Increasing size of House of Representatives,TRUE,1,0.2261,0.2614,0.2472,0.3478,0.3112,0.1844,0.1982,0.24,0.1787,0.3478,0.3112
100001094,White,Woman,Post-Grad,D,Increasing size of House of Representatives,TRUE,1,0.6388,0.4588,0.665,0.3748,0.5508,0.68,0.3466,0.3803,0.2339,0.665,0.68
100001116,White,Woman,4-Year,D,Increasing size of House of Representatives,TRUE,1,0.6197,0.4939,0.5892,0.3303,0.4622,0.6852,0.26,0.3862,0.2215,0.5892,0.6852
100001128,Black,Man,4-Year,R,Increasing size of House of Representatives,TRUE,1,0.1625,0.1615,0.1636,0.2044,0.1992,0.1699,0.118,0.1713,0.1043,0.2044,0.1992
100001131,White,Woman,Some College,R,Increasing size of House of Representatives,TRUE,1,-0.0823,-0.0569,-0.0801,-0.0543,-0.1266,-0.0778,-0.077,-0.0922,-0.078,-0.0543,-0.077
100001146,White,Man,Some College,I,Increasing size of House of Representatives,TRUE,1,0.2908,0.264,0.3361,0.2635,0.2175,0.298,0.1643,0.3297,0.1708,0.3361,0.3297
100001151,White,Man,HS or Less,D,Increasing size of House of Representatives,TRUE,1,0.1969,0.2431,0.1357,0.09,0.1464,0.1511,0.0996,0.0599,0.1993,0.2431,0.1993
100001156,White,Woman,4-Year,I,Increasing size of House of Representatives,TRUE,1,0.418,0.4279,0.3885,0.3555,0.4418,0.4756,0.2884,0.3842,0.3243,0.4279,0.4756
100001208,White,Man,HS or Less,I,Increasing size of House of Representatives,TRUE,1,0.2462,0.23,0.265,0.1534,0.1883,0.2398,0.1582,0.1791,0.1163,0.265,0.2398
100001209,White,Woman,4-Year,D,Increasing size of House of Representatives,TRUE,1,0.4446,0.5086,0.456,0.2513,0.4974,0.4867,0.3459,0.3891,0.2358,0.5086,0.4974
100001219,White,Woman,4-Year,I,Increasing size of House of Representatives,TRUE,1,0.4535,0.4258,0.3198,0.3511,0.4458,0.2894,0.3505,0.4221,0.232,0.4258,0.4458
200000056,White,Man,Post-Grad,D,Increasing size of House of Representatives,TRUE,1,0.5533,0.5284,0.5292,0.4684,0.6065,0.5196,0.4269,0.4448,0.3079,0.5292,0.6065
200000074,White,Man,Some College,D,Increasing size of House of Representatives,TRUE,1,0.2439,0.2732,0.2583,0.2653,0.3195,0.2588,0.3478,0.2447,0.2772,0.2732,0.3478
200000093,White,Woman,4-Year,D,Increasing size of House of Representatives,TRUE,1,0.5857,0.6004,0.4096,0.4201,0.5493,0.4161,0.4406,0.5685,0.185,0.6004,0.5685
200000095,White,Woman,Post-Grad,D,Increasing size of House of Representatives,TRUE,1,0.6047,0.5108,0.671,0.326,0.4966,0.7282,0.2844,0.4037,0.3448,0.671,0.7282
200000151,White,Man,4-Year,R,Increasing size of House of Representatives,TRUE,1,0.3651,0.4737,0.3144,0.3208,0.4221,0.3123,0.2926,0.3723,0.2037,0.4737,0.4221
200000182,White,Man,4-Year,D,Increasing size of House of Representatives,TRUE,1,0.5853,0.4931,0.6579,0.2963,0.5076,0.7135,0.2438,0.3846,0.3072,0.6579,0.7135
200000240,White,Man,4-Year,D,Increasing size of House of Representatives,TRUE,1,0.5261,0.5028,0.4067,0.4342,0.4322,0.3372,0.4766,0.483,0.3103,0.5028,0.483
200000319,All Other,Woman,4-Year,D,Increasing size of House of Representatives,TRUE,1,0.5836,0.5073,0.5865,0.2725,0.6189,0.6526,0.3289,0.3831,0.209,0.5865,0.6526
200000333,White,Woman,4-Year,D,Increasing size of House of Representatives,TRUE,1,0.4578,0.3692,0.413,0.4406,0.3864,0.3167,0.3493,0.4161,0.2245,0.4406,0.4161
200000343,White,Man,Some College,I,Increasing size of House of Representatives,TRUE,1,0.5285,0.6017,0.5127,0.3849,0.6392,0.4843,0.4086,0.4384,0.2952,0.6017,0.6392
200000350,White,Woman,4-Year,D,Increasing size of House of Representatives,TRUE,1,0.4385,0.3932,0.4831,0.5006,0.4639,0.4909,0.3396,0.3998,0.3251,0.5006,0.4909
200000428,White,Woman,4-Year,I,Increasing size of House of Representatives,TRUE,1,0.4215,0.4432,0.4966,0.2151,0.5654,0.5511,0.3482,0.3878,0.3118,0.4966,0.5654
200000433,Black,Man,Some College,D,Increasing size of House of Representatives,TRUE,1,0.2773,0.2955,0.241,0.2212,0.3451,0.1436,0.1875,0.2859,0.2314,0.2955,0.3451
200000468,White,Woman,Post-Grad,D,Increasing size of House of Representatives,TRUE,1,0.4728,0.4568,0.5442,0.2246,0.5298,0.5053,0.2798,0.3333,0.3681,0.5442,0.5298
200000549,White,Man,Post-Grad,R,Increasing size of House of Representatives,TRUE,1,0.5055,0.5533,0.3933,0.3444,0.5666,0.3553,0.4831,0.4806,0.2498,0.5533,0.5666
200000563,White,Woman,Post-Grad,D,Increasing size of House of Representatives,TRUE,1,0.3139,0.422,0.3416,0.3532,0.3577,0.2816,0.2597,0.356,0.2285,0.422,0.3577
200000597,White,Man,Some College,D,Increasing size of House of Representatives,TRUE,1,0.3767,0.4405,0.3322,0.2943,0.3914,0.3315,0.2988,0.3149,0.1851,0.4405,0.3914
200000657,White,Man,4-Year,D,Increasing size of House of Representatives,TRUE,1,0.636,0.6123,0.4699,0.4629,0.7201,0.4332,0.3832,0.5746,0.2145,0.6123,0.7201
200000663,White,Man,Some College,D,Increasing size of House of Representatives,TRUE,1,0.486,0.4212,0.3867,0.6078,0.452,0.3051,0.4779,0.5052,0.2759,0.6078,0.5052
200000710,White,Woman,4-Year,D,Increasing size of House of Representatives,TRUE,1,-0.0075,0.0285,0.0201,0.1062,0.0485,-0.0211,0.0684,0.0004,0.0509,0.1062,0.0684
200000761,All Other,Man,4-Year,D,Increasing size of House of Representatives,TRUE,1,0.3966,0.356,0.3153,0.3857,0.3029,0.2922,0.4115,0.37,0.4503,0.3857,0.4503
200000766,White,Man,Some College,R,Increasing size of House of Representatives,TRUE,1,0.3355,0.3246,0.3634,0.3419,0.3334,0.2626,0.352,0.4475,0.0143,0.3634,0.4475
200000865,White,Man,Some College,D,Increasing size of House of Representatives,TRUE,1,0.2986,0.2767,0.2564,0.287,0.2923,0.2931,0.2178,0.2487,0.2197,0.287,0.2931
200000868,White,Man,4-Year,D,Increasing size of House of Representatives,TRUE,1,0.5166,0.5224,0.4219,0.4445,0.4026,0.4481,0.3174,0.5284,0.2453,0.5224,0.5284
200000880,White,Man,Some College,I,Increasing size of House of Representatives,TRUE,1,0.1,0.1579,0.0954,0.1712,0.1381,0.0598,0.05,0.1942,0.0938,0.1712,0.1942
200001025,All Other,Woman,Some College,D,Increasing size of House of Representatives,TRUE,1,0.3343,0.3307,0.2913,0.2212,0.3233,0.3914,0.2972,0.2785,0.1591,0.3307,0.3914
200001057,All Other,Woman,Post-Grad,D,Increasing size of House of Representatives,TRUE,1,0.4854,0.5836,0.45,0.3753,0.5588,0.4056,0.3758,0.4396,0.2703,0.5836,0.5588
200001181,Black,Man,Post-Grad,D,Increasing size of House of Representatives,TRUE,1,0.3462,0.2971,0.3421,0.4791,0.3561,0.2405,0.4647,0.5361,0.2368,0.4791,0.5361
200001210,White,Woman,4-Year,D,Increasing size of House of Representatives,TRUE,1,0.2132,0.1699,0.1213,0.213,0.1371,0.1507,0.0857,0.1182,0.1189,0.213,0.1507
200001212,White,Woman,4-Year,R,Increasing size of House of Representatives,TRUE,1,0.0046,0.0646,0.0729,0.1053,0.0648,0.0093,0.0062,0.0755,0.0851,0.1053,0.0851
200001213,White,Man,Post-Grad,D,Increasing size of House of Representatives,TRUE,1,0.4143,0.5172,0.3373,0.3273,0.4818,0.2981,0.3138,0.3752,0.2089,0.5172,0.4818
200001257,White,Man,Post-Grad,I,Increasing size of House of Representatives,TRUE,1,0.2089,0.2409,0.1751,0.2116,0.2018,0.2416,0.2003,0.2336,0.1445,0.2409,0.2416
200001258,White,Woman,Some College,R,Increasing size of House of Representatives,TRUE,1,0.3744,0.4153,0.3653,0.3478,0.3983,0.3894,0.4232,0.4169,0.2571,0.4153,0.4232
200001284,White,Man,Some College,D,Increasing size of House of Representatives,TRUE,1,0.4722,0.5443,0.4016,0.4514,0.5206,0.3847,0.34,0.4576,0.2928,0.5443,0.5206
200001287,Black,Man,HS or Less,D,Increasing size of House of Representatives,TRUE,1,0.4459,0.4455,0.421,0.3619,0.3642,0.4388,0.3036,0.3902,0.2615,0.4455,0.4388
200001319,All Other,Woman,Post-Grad,D,Increasing size of House of Representatives,TRUE,1,0.3766,0.2809,0.1957,0.2142,0.3536,0.2101,0.192,0.3387,0.009,0.2809,0.3536
200001321,White,Man,Some College,D,Increasing size of House of Representatives,TRUE,1,0.4229,0.3835,0.3459,0.2285,0.3829,0.3919,0.2554,0.2958,0.1172,0.3835,0.3919
200001355,White,Man,Post-Grad,D,Increasing size of House of Representatives,TRUE,1,0.1761,0.264,0.1696,0.2527,0.1513,0.1127,0.2571,0.2369,0.1964,0.264,0.2571
200001356,White,other gender,Some College,D,Increasing size of House of Representatives,TRUE,1,0.5746,0.5609,0.4941,0.4178,0.5749,0.4652,0.357,0.4721,0.2236,0.5609,0.5749
200001389,All Other,Man,Some College,D,Increasing size of House of Representatives,TRUE,1,0.414,0.4881,0.3983,0.2998,0.4923,0.369,0.3814,0.3331,0.1905,0.4881,0.4923
200001397,White,Woman,4-Year,R,Increasing size of House of Representatives,TRUE,1,0.1854,0.1996,0.186,0.2489,0.2275,0.157,0.213,0.1479,0.1878,0.2489,0.2275
200001411,White,Woman,Post-Grad,R,Increasing size of House of Representatives,TRUE,1,0.0396,0.1586,0.0028,0.2334,0.0942,0.0063,0.1859,0.109,0.0332,0.2334,0.1859
200001453,White,Man,Some College,I,Increasing size of House of Representatives,TRUE,1,0.438,0.4861,0.4438,0.3462,0.6061,0.3919,0.4736,0.3653,0.2488,0.4861,0.6061
200001458,White,Woman,4-Year,R,Increasing size of House of Representatives,TRUE,1,0.0477,0.0902,0.0352,0.1628,0.1159,-0.021,0.0637,0.1012,0.0925,0.1628,0.1159
200001470,White,Woman,Post-Grad,D,Increasing size of House of Representatives,TRUE,1,0.6679,0.6336,0.5757,0.4106,0.6823,0.5653,0.4848,0.5207,0.3389,0.6336,0.6823
200001471,White,Man,4-Year,R,Increasing size of House of Representatives,TRUE,1,0.4723,0.4829,0.3848,0.4613,0.4123,0.4125,0.3918,0.4305,0.3352,0.4829,0.4305
200001483,White,Woman,4-Year,D,Increasing size of House of Representatives,TRUE,1,0.2896,0.3109,0.2879,0.249,0.3247,0.2574,0.268,0.2358,0.2099,0.3109,0.3247
200001509,Black,Woman,4-Year,D,Increasing size of House of Representatives,TRUE,1,0.2987,0.2761,0.2447,0.2605,0.2211,0.2747,0.227,0.2384,0.2197,0.2761,0.2747
200001513,White,Man,Some College,D,Increasing size of House of Representatives,TRUE,1,0.4008,0.4514,0.346,0.2881,0.3522,0.3459,0.297,0.401,0.2714,0.4514,0.401
200001573,White,Woman,4-Year,D,Increasing size of House of Representatives,TRUE,1,0.5147,0.522,0.3508,0.5766,0.4987,0.2986,0.4301,0.5471,0.3012,0.5766,0.5471
200001643,White,Man,Some College,D,Increasing size of House of Representatives,TRUE,1,0.4328,0.4143,0.3074,0.4956,0.4215,0.2788,0.3738,0.4183,0.1888,0.4956,0.4215
200001653,White,Man,Some College,D,Increasing size of House of Representatives,TRUE,1,0.4437,0.4076,0.2415,0.4211,0.4752,0.191,0.3029,0.4868,0.1354,0.4211,0.4868
200001719,White,Man,Some College,D,Increasing size of House of Representatives,TRUE,1,0.2651,0.2931,0.2428,0.2526,0.1736,0.2519,0.1919,0.2586,0.3038,0.2931,0.3038
200001764,White,Woman,4-Year,I,Increasing size of House of Representatives,TRUE,1,0.5766,0.5538,0.4443,0.4541,0.5967,0.4257,0.4992,0.6103,0.3256,0.5538,0.6103
200001771,Asian,Man,Some College,R,Increasing size of House of Representatives,TRUE,1,0.1873,0.2266,0.2298,0.0265,0.3263,0.2921,0.0653,0.1703,0.0871,0.2298,0.3263
200001773,All Other,other gender,Some College,D,Increasing size of House of Representatives,TRUE,1,0.2272,0.1674,0.2361,0.2762,0.0944,0.1586,0.2691,0.2656,0.2512,0.2762,0.2691
200001806,White,Man,Post-Grad,D,Increasing size of House of Representatives,TRUE,1,0.2823,0.2169,0.1763,0.3057,0.2773,0.1392,0.2735,0.3406,0.23,0.3057,0.3406
200001867,White,Woman,Some College,D,Increasing size of House of Representatives,TRUE,1,0.2194,0.2529,0.1697,0.1212,0.2967,0.1506,0.1043,0.3006,0.0797,0.2529,0.3006
200001888,White,Man,Post-Grad,I,Increasing size of House of Representatives,TRUE,1,0.143,0.1385,0.2587,0.2352,0.1031,0.1533,0.2695,0.2539,0.1724,0.2587,0.2695
200001896,White,Woman,4-Year,R,Increasing size of House of Representatives,TRUE,1,0.2568,0.1991,0.2092,0.218,0.2278,0.214,0.1778,0.2014,0.2077,0.218,0.2278
200001898,White,Woman,4-Year,D,Increasing size of House of Representatives,TRUE,1,0.5174,0.5176,0.417,0.453,0.4775,0.4172,0.4658,0.5477,0.2983,0.5176,0.5477
200001914,White,Woman,4-Year,I,Increasing size of House of Representatives,TRUE,1,0.5791,0.6245,0.3865,0.5209,0.5002,0.3699,0.4294,0.5598,0.1723,0.6245,0.5598
200001932,White,Man,4-Year,D,Increasing size of House of Representatives,TRUE,1,0.4644,0.4332,0.2927,0.3463,0.5594,0.2683,0.3074,0.4609,0.1256,0.4332,0.5594
200001986,White,Woman,Post-Grad,I,Increasing size of House of Representatives,TRUE,1,0.4025,0.3537,0.4411,0.2427,0.4554,0.4542,0.2744,0.2861,0.2305,0.4411,0.4554
200001989,White,Man,4-Year,D,Increasing size of House of Representatives,TRUE,1,0.5904,0.4056,0.6064,0.2812,0.4337,0.6805,0.1934,0.3579,0.1993,0.6064,0.6805
200002009,White,Woman,Post-Grad,D,Increasing size of House of Representatives,TRUE,1,0.4563,0.5394,0.3855,0.1994,0.2167,0.3761,0.2151,0.2128,0.4699,0.5394,0.4699
200002028,White,Man,Some College,R,Increasing size of House of Representatives,TRUE,1,0.3235,0.2889,0.2901,0.3283,0.2897,0.2119,0.2742,0.3182,0.2518,0.3283,0.3182
200002066,White,Woman,4-Year,D,Increasing size of House of Representatives,TRUE,1,0.6788,0.708,0.5675,0.2924,0.5008,0.5616,0.4044,0.4036,0.4783,0.708,0.5616
200002167,Black,Woman,Some College,R,Increasing size of House of Representatives,TRUE,1,0.5363,0.4679,0.4414,0.3893,0.4433,0.3994,0.3621,0.4532,0.3004,0.4679,0.4532
200002188,White,Man,Post-Grad,D,Increasing size of House of Representatives,TRUE,1,0.427,0.4574,0.4889,0.3027,0.4673,0.5088,0.2664,0.3635,0.3894,0.4889,0.5088
200002218,Asian,Man,Some College,D,Increasing size of House of Representatives,TRUE,1,0.5112,0.466,0.5102,0.2489,0.5658,0.5042,0.389,0.3638,0.3702,0.5102,0.5658
200002234,White,Woman,4-Year,D,Increasing size of House of Representatives,TRUE,1,0.3387,0.3898,0.2836,0.3017,0.3607,0.2863,0.2508,0.2689,0.1181,0.3898,0.3607
200002280,White,Man,Some College,D,Increasing size of House of Representatives,TRUE,1,0.326,0.3426,0.3011,0.3139,0.3547,0.2385,0.2322,0.3593,0.1548,0.3426,0.3593
200002284,White,Man,4-Year,D,Increasing size of House of Representatives,TRUE,1,0.4815,0.4819,0.3993,0.5974,0.3664,0.4098,0.4001,0.5269,0.2786,0.5974,0.5269
200002287,White,Man,Some College,D,Increasing size of House of Representatives,TRUE,1,0.3626,0.425,0.4208,0.3366,0.4203,0.3733,0.2615,0.4535,0.1744,0.425,0.4535
200002403,White,other gender,Some College,D,Increasing size of House of Representatives,TRUE,1,0.4756,0.6012,0.3882,0.5174,0.5823,0.2881,0.4702,0.52,0.2576,0.6012,0.5823
200002407,White,Woman,Post-Grad,D,Increasing size of House of Representatives,TRUE,1,0.7104,0.68,0.5521,0.3688,0.4539,0.6123,0.359,0.4493,0.3679,0.68,0.6123
200002414,White,Woman,Some College,D,Increasing size of House of Representatives,TRUE,1,0.5463,0.6246,0.475,0.4566,0.5022,0.4852,0.4162,0.4822,0.3031,0.6246,0.5022
200002435,All Other,other gender,4-Year,D,Increasing size of House of Representatives,TRUE,1,0.4088,0.3956,0.2414,0.2553,0.3389,0.3019,0.2342,0.4693,0.1945,0.3956,0.4693
200002462,White,Woman,Some College,D,Increasing size of House of Representatives,TRUE,1,0.4395,0.493,0.387,0.3178,0.4277,0.4013,0.3099,0.3304,0.2405,0.493,0.4277
200002477,White,Man,Some College,D,Increasing size of House of Representatives,TRUE,1,0.502,0.4925,0.4839,0.3644,0.4346,0.487,0.2662,0.4381,0.3038,0.4925,0.487
200002496,White,Woman,Post-Grad,R,Increasing size of House of Representatives,TRUE,1,0.2714,0.3715,0.2699,0.2296,0.3417,0.2731,0.0896,0.2918,0.1809,0.3715,0.3417
200002528,White,Woman,4-Year,R,Increasing size of House of Representatives,TRUE,1,0.4943,0.5551,0.4598,0.4459,0.5192,0.3983,0.3789,0.4752,0.193,0.5551,0.5192
200002530,All Other,Man,Post-Grad,D,Increasing size of House of Representatives,TRUE,1,0.5435,0.3919,0.5986,0.3087,0.4206,0.6259,0.3028,0.3345,0.2824,0.5986,0.6259
200002555,White,Woman,4-Year,R,Increasing size of House of Representatives,TRUE,1,0.0342,0.0959,0.0378,0.0881,0.0839,-0.0295,0.0302,0.0607,-0.0036,0.0959,0.0839
200002595,White,Man,Some College,R,Increasing size of House of Representatives,TRUE,1,0.2182,0.3629,0.298,0.3259,0.2871,0.3062,0.2247,0.2963,0.3168,0.3629,0.3168
200002674,White,Woman,4-Year,R,Increasing size of House of Representatives,TRUE,1,0.5015,0.4867,0.4271,0.3782,0.4536,0.4002,0.3921,0.4268,0.215,0.4867,0.4536
200002676,White,Woman,Post-Grad,D,Increasing size of House of Representatives,TRUE,1,0.3531,0.3971,0.2349,0.3828,0.4329,0.1352,0.3515,0.4198,0.0694,0.3971,0.4329
200002702,White,Woman,Some College,D,Increasing size of House of Representatives,TRUE,1,0.1418,0.1507,0.205,0.0819,0.1646,0.2285,0.0655,0.053,0.184,0.205,0.2285
200002703,White,Man,Some College,D,Increasing size of House of Representatives,TRUE,1,0.475,0.4009,0.486,0.2713,0.359,0.5323,0.216,0.3157,0.2336,0.486,0.5323
200002709,White,Man,4-Year,R,Increasing size of House of Representatives,TRUE,1,0.5219,0.5317,0.3608,0.3185,0.6116,0.3189,0.3148,0.4421,0.0796,0.5317,0.6116
200002804,Black,Man,Post-Grad,D,Increasing size of House of Representatives,TRUE,1,0.5568,0.5219,0.4886,0.4132,0.596,0.4573,0.4707,0.4925,0.3162,0.5219,0.596
200002817,Asian,Woman,Some College,D,Increasing size of House of Representatives,TRUE,1,0.7033,0.7101,0.465,0.3699,0.5767,0.4149,0.4993,0.5601,0.3797,0.7101,0.5767
200002821,White,Woman,4-Year,R,Increasing size of House of Representatives,TRUE,1,0.4986,0.5628,0.4611,0.4298,0.5385,0.4079,0.3948,0.4938,0.1945,0.5628,0.5385
200002835,White,Woman,4-Year,D,Increasing size of House of Representatives,TRUE,1,0.7142,0.6808,0.5612,0.5263,0.5473,0.6122,0.4621,0.624,0.308,0.6808,0.624
200002888,White,Man,HS or Less,D,Increasing size of House of Representatives,TRUE,1,0.1444,0.2111,0.161,0.3034,0.1618,0.197,0.2428,0.2059,0.1826,0.3034,0.2428
200002923,Black,Man,Some College,D,Increasing size of House of Representatives,TRUE,1,0.2871,0.2861,0.2885,0.1197,0.2114,0.3255,0.1218,0.2021,0.0885,0.2885,0.3255
200002933,White,Woman,4-Year,D,Increasing size of House of Representatives,TRUE,1,0.0502,0.0543,0.0513,0.0667,-0.0109,0.0409,0.0018,-0.0112,0.1114,0.0667,0.1114
200002955,White,Woman,Post-Grad,D,Increasing size of House of Representatives,TRUE,1,0.3451,0.338,0.3848,0.1536,0.4565,0.4325,0.2499,0.2982,0.1661,0.3848,0.4565
200002963,White,Man,Some College,I,Increasing size of House of Representatives,TRUE,1,0.2659,0.317,0.3057,0.2361,0.2818,0.2505,0.2656,0.3611,0.2424,0.317,0.3611
200003021,White,Woman,4-Year,R,Increasing size of House of Representatives,TRUE,1,0.3531,0.3971,0.2349,0.3828,0.4329,0.1352,0.3515,0.4198,0.0694,0.3971,0.4329
200003083,White,Man,Post-Grad,D,Increasing size of House of Representatives,TRUE,1,0.389,0.3623,0.426,0.3703,0.3474,0.3453,0.3547,0.4185,0.0668,0.426,0.4185
200003115,White,Woman,Some College,R,Increasing size of House of Representatives,TRUE,1,0.3026,0.4824,0.2918,0.2634,0.4409,0.2231,0.245,0.3187,0.1454,0.4824,0.4409
200003130,White,Woman,Post-Grad,D,Increasing size of House of Representatives,TRUE,1,0.1268,0.1472,0.0972,0.1881,0.139,0.1152,0.1165,0.0751,0.1625,0.1881,0.1625
200003138,White,Man,Post-Grad,D,Increasing size of House of Representatives,TRUE,1,0.1728,0.0937,0.1527,0.2869,0.1566,0.1609,0.2204,0.2252,0.0235,0.2869,0.2252
200003148,White,Woman,Some College,D,Increasing size of House of Representatives,TRUE,1,0.3637,0.4597,0.3782,0.2725,0.4037,0.2899,0.2247,0.3694,0.2251,0.4597,0.4037
200003168,White,Man,4-Year,D,Increasing size of House of Representatives,TRUE,1,0.4314,0.4226,0.4576,0.2919,0.644,0.4108,0.2902,0.4307,0.2075,0.4576,0.644
200003231,All Other,Man,4-Year,D,Increasing size of House of Representatives,TRUE,1,0.6255,0.5257,0.6003,0.3836,0.4991,0.6433,0.327,0.4595,0.2417,0.6003,0.6433
200003372,All Other,Man,Some College,D,Increasing size of House of Representatives,TRUE,1,0.3387,0.3898,0.2836,0.3017,0.3607,0.2863,0.2508,0.2689,0.1181,0.3898,0.3607
200003395,White,Man,4-Year,I,Increasing size of House of Representatives,TRUE,1,0.5553,0.4932,0.443,0.4017,0.5882,0.4373,0.3687,0.4939,0.143,0.4932,0.5882
200003408,Latino,Woman,Some College,I,Increasing size of House of Representatives,TRUE,1,0.0203,0.1179,-0.0181,0.0262,0.1278,-0.0245,-0.0124,0.0726,0.0503,0.1179,0.1278
200003409,White,Man,4-Year,D,Increasing size of House of Representatives,TRUE,1,0.3815,0.443,0.3678,0.1897,0.39,0.4006,0.2575,0.3375,0.2598,0.443,0.4006
200003416,White,Woman,Some College,D,Increasing size of House of Representatives,TRUE,1,0.1739,0.2348,0.1504,0.0859,0.1137,0.1752,0.0323,0.0607,0.0662,0.2348,0.1752
200003456,White,Man,4-Year,I,Increasing size of House of Representatives,TRUE,1,0.6119,0.576,0.543,0.3469,0.511,0.5615,0.4163,0.5343,0.4189,0.576,0.5615
200003459,All Other,Woman,Post-Grad,D,Increasing size of House of Representatives,TRUE,1,0.7086,0.576,0.6366,0.3734,0.5393,0.7358,0.4137,0.4823,0.2873,0.6366,0.7358
200003467,White,Man,4-Year,D,Increasing size of House of Representatives,TRUE,1,0.4111,0.36,0.4024,0.2315,0.287,0.4251,0.2721,0.3128,0.3424,0.4024,0.4251
200003498,Black,Man,Post-Grad,D,Increasing size of House of Representatives,TRUE,1,0.4408,0.4967,0.406,0.2781,0.5004,0.425,0.2764,0.4376,0.208,0.4967,0.5004
200003504,White,Man,Some College,D,Increasing size of House of Representatives,TRUE,1,0.2728,0.2727,0.3112,0.2249,0.2614,0.3139,0.1529,0.2875,0.1778,0.3112,0.3139
200003531,White,Man,4-Year,I,Increasing size of House of Representatives,TRUE,1,0.5073,0.4242,0.3307,0.541,0.4498,0.2608,0.4534,0.5721,0.163,0.541,0.5721
200003574,White,Man,Some College,D,Increasing size of House of Representatives,TRUE,1,0.4705,0.5033,0.3569,0.3042,0.4868,0.4047,0.3233,0.4322,0.223,0.5033,0.4868
200003579,Asian,Man,Post-Grad,D,Increasing size of House of Representatives,TRUE,1,0.5082,0.5411,0.4601,0.4709,0.5311,0.5022,0.3767,0.4726,0.2127,0.5411,0.5311
200003584,White,Man,Post-Grad,D,Increasing size of House of Representatives,TRUE,1,0.3387,0.3898,0.2836,0.3017,0.3607,0.2863,0.2508,0.2689,0.1181,0.3898,0.3607
200003586,White,Man,Post-Grad,D,Increasing size of House of Representatives,TRUE,1,0.4166,0.4744,0.4569,0.3198,0.4668,0.4772,0.2602,0.4056,0.1658,0.4744,0.4772
200003616,White,Man,4-Year,I,Increasing size of House of Representatives,TRUE,1,0.636,0.632,0.5759,0.3432,0.6613,0.5443,0.4196,0.5109,0.3523,0.632,0.6613
200003622,White,Man,Some College,D,Increasing size of House of Representatives,TRUE,1,0.3028,0.3107,0.1553,0.2961,0.3429,0.1167,0.2065,0.4006,-0.076,0.3107,0.4006
200003684,White,Woman,Some College,R,Increasing size of House of Representatives,TRUE,1,0.4091,0.4318,0.3331,0.3802,0.423,0.3204,0.3198,0.4113,0.1935,0.4318,0.423
200003755,White,Man,Post-Grad,D,Increasing size of House of Representatives,TRUE,1,0.021,0.0351,0.0849,0.1855,0.1415,0.099,0.061,0.2407,0.1469,0.1855,0.2407
200003832,All Other,other gender,4-Year,D,Increasing size of House of Representatives,TRUE,1,0.6705,0.6592,0.5785,0.4308,0.8215,0.5352,0.4598,0.5437,0.2567,0.6592,0.8215
200003895,White,Man,4-Year,D,Increasing size of House of Representatives,TRUE,1,0.4953,0.471,0.3291,0.4031,0.3753,0.3389,0.4042,0.465,0.2399,0.471,0.465
200003913,White,Man,4-Year,D,Increasing size of House of Representatives,TRUE,1,0.3387,0.3898,0.2836,0.3017,0.3607,0.2863,0.2508,0.2689,0.1181,0.3898,0.3607
200003954,White,Man,Post-Grad,D,Increasing size of House of Representatives,TRUE,1,0.2796,0.296,0.2853,0.341,0.2793,0.294,0.2804,0.3164,0.31,0.341,0.3164
200003984,White,Woman,Post-Grad,D,Increasing size of House of Representatives,TRUE,1,0.5775,0.5857,0.4288,0.5884,0.4723,0.3834,0.4935,0.6347,0.3267,0.5884,0.6347
200003999,Black,Man,Some College,D,Increasing size of House of Representatives,TRUE,1,0.4432,0.5313,0.412,0.2732,0.5262,0.3947,0.3571,0.4045,0.2712,0.5313,0.5262
200004007,White,Woman,4-Year,D,Increasing size of House of Representatives,TRUE,1,0.3387,0.3898,0.2836,0.3017,0.3607,0.2863,0.2508,0.2689,0.1181,0.3898,0.3607
200004128,White,Woman,4-Year,D,Increasing size of House of Representatives,TRUE,1,0.5204,0.5371,0.4848,0.4291,0.5149,0.3674,0.3946,0.4757,0.2251,0.5371,0.5149
200004144,White,Man,4-Year,R,Increasing size of House of Representatives,TRUE,1,0.2655,0.3311,0.3096,0.2506,0.3704,0.2819,0.222,0.2144,0.1525,0.3311,0.3704
200004164,White,Man,Post-Grad,D,Increasing size of House of Representatives,TRUE,1,0.35,0.3802,0.3463,0.5691,0.4086,0.2343,0.3794,0.6558,0.1508,0.5691,0.6558
200004172,White,Woman,4-Year,R,Increasing size of House of Representatives,TRUE,1,0.1872,0.212,0.1616,0.1836,0.1871,0.1287,0.1763,0.2511,0.1897,0.212,0.2511
200004181,White,Woman,Some College,D,Increasing size of House of Representatives,TRUE,1,0.1329,0.0981,0.1381,0.11,0.0927,0.1353,0.0577,0.116,0.1048,0.1381,0.1353
200004295,White,Man,Some College,D,Increasing size of House of Representatives,TRUE,1,0.1312,0.1327,0.1031,0.0507,0.1025,0.1253,0.0896,0.139,0.1315,0.1327,0.139
200004395,White,other gender,Some College,D,Increasing size of House of Representatives,TRUE,1,0.3274,0.4153,0.3575,0.3167,0.3747,0.3515,0.2639,0.3888,0.228,0.4153,0.3888
200004403,White,Man,Some College,R,Increasing size of House of Representatives,TRUE,1,0.5346,0.5854,0.5423,0.4213,0.5453,0.5433,0.4446,0.4636,0.3524,0.5854,0.5453
200004416,White,Woman,Post-Grad,D,Increasing size of House of Representatives,TRUE,1,0.5773,0.6699,0.3411,0.3298,0.4927,0.2927,0.4402,0.464,0.2207,0.6699,0.4927
200004421,All Other,Man,Some College,I,Increasing size of House of Representatives,TRUE,1,0.4169,0.5652,0.4271,0.3228,0.4906,0.454,0.294,0.4458,0.3421,0.5652,0.4906
200004458,White,Man,Some College,I,Increasing size of House of Representatives,TRUE,1,0.3431,0.4446,0.2925,0.274,0.4045,0.2489,0.2873,0.3563,0.1377,0.4446,0.4045
200004489,White,Woman,4-Year,D,Increasing size of House of Representatives,TRUE,1,0.707,0.5075,0.5768,0.4377,0.3858,0.5863,0.3726,0.3976,0.3854,0.5768,0.5863
200004559,White,Man,Some College,D,Increasing size of House of Representatives,TRUE,1,0.5769,0.5897,0.4731,0.4062,0.6501,0.4191,0.4794,0.5613,0.2969,0.5897,0.6501
200004562,White,Man,Some College,D,Increasing size of House of Representatives,TRUE,1,0.6702,0.6647,0.5498,0.4523,0.7344,0.5341,0.4548,0.5427,0.2603,0.6647,0.7344
200004566,All Other,Woman,Some College,D,Increasing size of House of Representatives,TRUE,1,0.5037,0.5582,0.4441,0.3819,0.5364,0.4901,0.3876,0.4527,0.3022,0.5582,0.5364
200004575,White,Man,Post-Grad,D,Increasing size of House of Representatives,TRUE,1,0.1273,0.141,0.1054,0.2549,0.1659,0.0434,0.1747,0.2499,0.1387,0.2549,0.2499
200004619,White,Man,Post-Grad,D,Increasing size of House of Representatives,TRUE,1,-0.0256,-0.0539,0.0364,0.0483,-0.0439,0.0195,-0.0525,0.0047,0.2129,0.0483,0.2129
200004631,White,Man,Some College,R,Increasing size of House of Representatives,TRUE,1,0.387,0.4062,0.3235,0.3526,0.3309,0.3075,0.3297,0.3413,0.2583,0.4062,0.3413
200004634,White,Man,Post-Grad,D,Increasing size of House of Representatives,TRUE,1,0.5974,0.5899,0.4525,0.46,0.6018,0.3933,0.4255,0.5609,0.2552,0.5899,0.6018
200004651,White,Man,4-Year,D,Increasing size of House of Representatives,TRUE,1,0.6594,0.6558,0.5212,0.3834,0.7718,0.5207,0.4211,0.477,0.1965,0.6558,0.7718
200004670,White,Woman,4-Year,I,Increasing size of House of Representatives,TRUE,1,0.2593,0.2328,0.2648,0.0469,0.2048,0.3057,0.1155,0.1688,0.192,0.2648,0.3057
200004683,White,Woman,4-Year,D,Increasing size of House of Representatives,TRUE,1,0.43,0.5281,0.3295,0.1721,0.3194,0.3824,0.1991,0.2451,0.2924,0.5281,0.3824
200004686,White,Man,Some College,I,Increasing size of House of Representatives,TRUE,1,0.4779,0.4672,0.398,0.3287,0.3837,0.4229,0.3302,0.3718,0.2796,0.4672,0.4229
200004716,White,Man,4-Year,D,Increasing size of House of Representatives,TRUE,1,0.4578,0.5293,0.3657,0.3419,0.5491,0.3318,0.3668,0.4506,0.1969,0.5293,0.5491
200004721,White,Man,Some College,R,Increasing size of House of Representatives,TRUE,1,0.499,0.4701,0.4887,0.2934,0.6146,0.4449,0.349,0.4153,0.2218,0.4887,0.6146
200004736,White,Woman,4-Year,D,Increasing size of House of Representatives,TRUE,1,0.0941,0.0673,0.0895,0.1843,0.1863,0.0637,-0.0009,0.1254,0.038,0.1843,0.1863
200004737,White,Man,Post-Grad,I,Increasing size of House of Representatives,TRUE,1,0.547,0.6604,0.5459,0.3536,0.7593,0.491,0.3901,0.5001,0.236,0.6604,0.7593
200004768,White,Man,4-Year,D,Increasing size of House of Representatives,TRUE,1,0.4365,0.3753,0.3714,0.488,0.3585,0.2906,0.3359,0.3555,0.1123,0.488,0.3585
200004779,White,Woman,4-Year,D,Increasing size of House of Representatives,TRUE,1,0.4986,0.5628,0.4611,0.4298,0.5385,0.4079,0.3948,0.4938,0.1945,0.5628,0.5385
200004823,Asian,Woman,Some College,D,Increasing size of House of Representatives,TRUE,1,0.696,0.7055,0.5816,0.4847,0.6065,0.5419,0.4287,0.568,0.3831,0.7055,0.6065
200004851,Black,Man,Some College,D,Increasing size of House of Representatives,TRUE,1,0.0861,0.1361,0.0198,0.1174,0.1859,0.0003,0.1049,0.2021,-0.0234,0.1361,0.2021
200004875,White,Man,4-Year,D,Increasing size of House of Representatives,TRUE,1,0.5039,0.3927,0.4721,0.2589,0.4944,0.5236,0.2225,0.319,0.1173,0.4721,0.5236
200005002,Black,Woman,Some College,D,Increasing size of House of Representatives,TRUE,1,0.0929,0.1396,0.0447,0.0406,0.1422,0.0424,0.1092,0.1207,0.0324,0.1396,0.1422
200005216,White,Man,4-Year,I,Increasing size of House of Representatives,TRUE,1,0.61,0.6405,0.4801,0.5219,0.5733,0.4204,0.5182,0.6667,0.3112,0.6405,0.6667
200005224,Asian,Man,Post-Grad,D,Increasing size of House of Representatives,TRUE,1,0.5491,0.4841,0.5286,0.3404,0.5549,0.4859,0.4236,0.4085,0.2706,0.5286,0.5549
200005333,White,Man,4-Year,D,Increasing size of House of Representatives,TRUE,1,0.5168,0.427,0.5276,0.3085,0.3748,0.4672,0.3335,0.3519,0.5753,0.5276,0.5753
200005361,White,Woman,4-Year,D,Increasing size of House of Representatives,TRUE,1,0.3869,0.4191,0.4259,0.2967,0.3095,0.442,0.2646,0.2822,0.349,0.4259,0.442
200005364,White,Man,4-Year,I,Increasing size of House of Representatives,TRUE,1,0.2158,0.2618,0.2141,0.1716,0.2306,0.2313,0.1775,0.2066,0.0148,0.2618,0.2313
200005425,White,Woman,Post-Grad,D,Increasing size of House of Representatives,TRUE,1,0.5323,0.3052,0.5115,0.2688,0.3388,0.5515,0.2796,0.3319,0.1989,0.5115,0.5515
200005443,White,Woman,Post-Grad,D,Increasing size of House of Representatives,TRUE,1,0.3681,0.4125,0.3122,0.2727,0.3073,0.3828,0.2267,0.286,0.1831,0.4125,0.3828
200005538,All Other,Man,Post-Grad,D,Increasing size of House of Representatives,TRUE,1,0.597,0.4215,0.6007,0.3226,0.4409,0.6551,0.2842,0.3914,0.2048,0.6007,0.6551
200005562,White,Man,4-Year,D,Increasing size of House of Representatives,TRUE,1,0.3969,0.473,0.4083,0.3909,0.3919,0.4183,0.2676,0.4494,0.2509,0.473,0.4494
200005565,White,Man,Some College,D,Increasing size of House of Representatives,TRUE,1,0.4568,0.4789,0.4202,0.3363,0.4064,0.4775,0.2282,0.379,0.3579,0.4789,0.4775
200005578,White,Man,4-Year,R,Increasing size of House of Representatives,TRUE,1,0.6227,0.6099,0.4628,0.4797,0.5334,0.4134,0.4751,0.5552,0.3127,0.6099,0.5552
200005809,White,Man,Post-Grad,D,Increasing size of House of Representatives,TRUE,1,0.5817,0.3831,0.6084,0.3259,0.4562,0.6209,0.2321,0.3662,0.2519,0.6084,0.6209
200005810,Black,Woman,HS or Less,I,Increasing size of House of Representatives,TRUE,1,0.6956,0.6943,0.5725,0.4541,0.6014,0.5347,0.4074,0.541,0.3788,0.6943,0.6014
200005859,White,Man,Post-Grad,D,Increasing size of House of Representatives,TRUE,1,0.5793,0.6282,0.4187,0.3512,0.4507,0.4741,0.3748,0.5744,0.4171,0.6282,0.5744
200005863,White,Man,Some College,I,Increasing size of House of Representatives,TRUE,1,0.4757,0.5272,0.3982,0.3654,0.5387,0.3348,0.2752,0.4962,0.1884,0.5272,0.5387
200005981,White,Man,4-Year,I,Increasing size of House of Representatives,TRUE,1,0.6291,0.6815,0.5528,0.5027,0.6217,0.561,0.4864,0.6188,0.3107,0.6815,0.6217
200006000,White,Woman,Some College,R,Increasing size of House of Representatives,TRUE,1,0.1524,0.1124,0.1262,0.0489,0.14,0.1131,0.0742,0.121,0.0776,0.1262,0.14
200006003,White,Woman,4-Year,R,Increasing size of House of Representatives,TRUE,1,0.0956,0.1478,0.094,0.2159,0.1174,0.0817,0.1733,0.1287,0.0545,0.2159,0.1733
200006005,White,Man,4-Year,D,Increasing size of House of Representatives,TRUE,1,0.5968,0.692,0.4263,0.3737,0.5604,0.4175,0.3852,0.5549,0.2405,0.692,0.5604
200006025,White,Man,Some College,D,Increasing size of House of Representatives,TRUE,1,0.4511,0.5158,0.3817,0.3179,0.428,0.402,0.3261,0.3673,0.2367,0.5158,0.428
200006108,White,Woman,4-Year,D,Increasing size of House of Representatives,TRUE,1,0.0193,0.0613,0.0284,0.0346,0.1025,-0.0663,0.0644,0.0718,-0.0371,0.0613,0.1025
300000022,White,Man,Some College,R,Increasing size of House of Representatives,TRUE,1,0.4374,0.3617,0.346,0.4045,0.352,0.3116,0.3955,0.4372,0.1977,0.4045,0.4372
300000026,White,Woman,Some College,I,Increasing size of House of Representatives,TRUE,1,0.0455,0.05,0.096,0.0182,0.0546,0.0688,0.0444,0.0056,0.0866,0.096,0.0866
300000038,White,Woman,4-Year,R,Increasing size of House of Representatives,TRUE,1,0.3688,0.4321,0.3776,0.2616,0.2697,0.3158,0.2154,0.3105,0.3277,0.4321,0.3277
300000055,All Other,Woman,Some College,R,Increasing size of House of Representatives,TRUE,1,0.4449,0.4587,0.3005,0.4457,0.3772,0.2547,0.4534,0.4633,0.1925,0.4587,0.4633
300000056,White,Woman,4-Year,D,Increasing size of House of Representatives,TRUE,1,0.5313,0.5978,0.3933,0.3223,0.5409,0.3778,0.3648,0.564,0.2701,0.5978,0.564
300000068,White,Man,Some College,D,Increasing size of House of Representatives,TRUE,1,0.0717,0.0748,0.1468,0.0552,0.0961,0.0999,0.051,0.0359,0.1295,0.1468,0.1295
300000072,White,Man,Some College,I,Increasing size of House of Representatives,TRUE,1,0.2846,0.2644,0.3152,0.2639,0.2764,0.2598,0.2736,0.3101,0.2384,0.3152,0.3101
300000085,White,Woman,Some College,D,Increasing size of House of Representatives,TRUE,1,0.6126,0.5098,0.636,0.3917,0.4816,0.7111,0.288,0.4442,0.2675,0.636,0.7111
300000116,White,Woman,Some College,D,Increasing size of House of Representatives,TRUE,1,0.1882,0.2124,0.2549,0.1079,0.1501,0.2616,0.0862,0.2798,0.1994,0.2549,0.2798
300000130,Hispanic,Woman,HS or Less,D,Increasing size of House of Representatives,TRUE,1,0.0873,0.0817,0.1008,0.0284,0.0549,0.0337,0.0837,0.0667,0.1103,0.1008,0.1103
300000146,White,Man,Some College,R,Increasing size of House of Representatives,TRUE,1,0.2632,0.1697,0.2139,0.2785,0.1947,0.1885,0.1572,0.2669,0.0798,0.2785,0.2669
300000165,White,Man,4-Year,D,Increasing size of House of Representatives,TRUE,1,0.3451,0.2735,0.3055,0.463,0.2868,0.2639,0.2989,0.389,0.1928,0.463,0.389
300000169,White,Woman,Some College,D,Increasing size of House of Representatives,TRUE,1,0.2324,0.3491,0.3468,0.1611,0.259,0.3865,0.1354,0.2228,0.2302,0.3491,0.3865
300000185,Black,Man,Some College,D,Increasing size of House of Representatives,TRUE,1,0.4714,0.4074,0.4005,0.4443,0.3454,0.4413,0.4478,0.4469,0.3588,0.4443,0.4478
300000196,Black,Man,Some College,D,Increasing size of House of Representatives,TRUE,1,0.0669,0.0396,0.0972,0.0147,0.0603,0.1057,0.0192,0.0589,0.0721,0.0972,0.1057
300000226,Black,Man,4-Year,D,Increasing size of House of Representatives,TRUE,1,0.1734,0.2259,0.1442,0.0862,0.2161,0.1807,0.0363,0.1257,0.0834,0.2259,0.2161
300000230,White,Woman,HS or Less,R,Increasing size of House of Representatives,TRUE,1,0.4711,0.5559,0.3503,0.2641,0.5738,0.3732,0.3498,0.4828,0.2078,0.5559,0.5738
300000251,Asian,Man,4-Year,I,Increasing size of House of Representatives,TRUE,1,0.2313,0.2579,0.1491,0.1913,0.2081,0.1884,0.2044,0.2781,0.278,0.2579,0.2781
300000252,White,Man,Post-Grad,D,Increasing size of House of Representatives,TRUE,1,0.616,0.392,0.6513,0.3329,0.4409,0.629,0.2413,0.3515,0.2769,0.6513,0.629
300000257,White,Man,4-Year,D,Increasing size of House of Representatives,TRUE,1,0.0571,0.0407,0.1085,0.054,0.0466,0.0039,0.0258,0.0452,0.0843,0.1085,0.0843
300000261,White,Man,Some College,R,Increasing size of House of Representatives,TRUE,1,-0.0239,0.0069,0.0509,-0.0108,0.0324,0.0393,-0.0652,-0.0127,-0.034,0.0509,0.0393
300000304,White,Man,Some College,D,Increasing size of House of Representatives,TRUE,1,0.463,0.5334,0.362,0.4391,0.5193,0.3199,0.4129,0.5034,0.1377,0.5334,0.5193
300000323,White,Woman,HS or Less,R,Increasing size of House of Representatives,TRUE,1,0.4458,0.4773,0.3375,0.3541,0.4661,0.281,0.3672,0.526,0.2622,0.4773,0.526
300000348,White,Woman,Some College,D,Increasing size of House of Representatives,TRUE,1,0.5117,0.5128,0.4145,0.424,0.469,0.3528,0.4325,0.5638,0.2701,0.5128,0.5638
300000359,Native American,Man,HS or Less,D,Increasing size of House of Representatives,TRUE,1,0.2824,0.3435,0.3212,0.3453,0.317,0.2672,0.3227,0.3359,0.2127,0.3453,0.3359
300000400,White,Woman,Post-Grad,D,Increasing size of House of Representatives,TRUE,1,0.353,0.3058,0.3029,0.2512,0.2376,0.2978,0.2823,0.3418,0.2021,0.3058,0.3418
300000424,White,Man,HS or Less,D,Increasing size of House of Representatives,TRUE,1,0.2343,0.2881,0.132,0.1241,0.1547,0.2217,0.1147,0.2415,0.1729,0.2881,0.2415
300000491,White,Man,Post-Grad,D,Increasing size of House of Representatives,TRUE,1,0.6513,0.6124,0.5494,0.4445,0.7503,0.5007,0.4588,0.5137,0.2183,0.6124,0.7503
300000541,Black,Woman,Post-Grad,D,Increasing size of House of Representatives,TRUE,1,0.4345,0.4277,0.4765,0.2979,0.3525,0.4473,0.3133,0.3371,0.6366,0.4765,0.6366
300000544,All Other,Man,Some College,D,Increasing size of House of Representatives,TRUE,1,0.3714,0.3281,0.2093,0.4495,0.4066,0.1973,0.3704,0.3574,0.1626,0.4495,0.4066
300000562,White,Woman,Some College,I,Increasing size of House of Representatives,TRUE,1,0.4606,0.5561,0.3454,0.3651,0.5645,0.3396,0.3201,0.4892,0.227,0.5561,0.5645
300000573,White,Woman,Post-Grad,D,Increasing size of House of Representatives,TRUE,1,0.1444,0.16,0.1212,0.2355,0.1061,0.0968,0.2075,0.1502,0.1448,0.2355,0.2075
300000589,White,Man,Some College,D,Increasing size of House of Representatives,TRUE,1,0.4569,0.5331,0.322,0.336,0.4848,0.2939,0.4588,0.4303,0.1646,0.5331,0.4848
300000608,White,Woman,4-Year,D,Increasing size of House of Representatives,TRUE,1,0.4084,0.5023,0.3394,0.3301,0.4175,0.3558,0.3448,0.3242,0.2314,0.5023,0.4175
300000627,White,Woman,HS or Less,I,Increasing size of House of Representatives,TRUE,1,0.212,0.3105,0.2381,0.2617,0.25,0.2557,0.256,0.3475,0.1814,0.3105,0.3475
300000632,Black,Woman,Some College,D,Increasing size of House of Representatives,TRUE,1,0.389,0.4552,0.3584,0.3186,0.4868,0.3329,0.3153,0.3801,0.1308,0.4552,0.4868
300000647,White,Woman,Post-Grad,D,Increasing size of House of Representatives,TRUE,1,0.6193,0.5539,0.5232,0.441,0.4799,0.5512,0.4062,0.4942,0.3356,0.5539,0.5512
300000657,White,Man,HS or Less,I,Increasing size of House of Representatives,TRUE,1,0.5202,0.5191,0.4499,0.2148,0.4969,0.4823,0.3449,0.344,0.3364,0.5191,0.4969
300000685,Black,Woman,Some College,D,Increasing size of House of Representatives,TRUE,1,0.1016,0.1905,0.084,0.0738,0.1901,0.0926,0.0508,0.1327,0.0771,0.1905,0.1901
300000704,White,Woman,HS or Less,D,Increasing size of House of Representatives,TRUE,1,-0.0284,-0.0395,-0.0151,0.0816,0.0636,0.027,-0.0183,0.0483,-0.0305,0.0816,0.0636
300000745,Black,Man,Some College,D,Increasing size of House of Representatives,TRUE,1,0.0895,0.1201,0.0172,0.0656,0.091,-0.0249,0.0907,0.0686,0.0799,0.1201,0.091
300000750,Black,Woman,HS or Less,I,Increasing size of House of Representatives,TRUE,1,0.4501,0.4984,0.3422,0.3644,0.4342,0.3409,0.3469,0.498,0.2612,0.4984,0.498
300000777,White,Man,4-Year,I,Increasing size of House of Representatives,TRUE,1,0.4,0.4442,0.4001,0.2745,0.3711,0.381,0.2312,0.4304,0.2876,0.4442,0.4304
300000787,White,Man,Post-Grad,D,Increasing size of House of Representatives,TRUE,1,0.669,0.5562,0.6295,0.3394,0.6544,0.6408,0.3859,0.4246,0.253,0.6295,0.6544
300000795,Hispanic,Man,4-Year,D,Increasing size of House of Representatives,TRUE,1,0.2015,0.2851,0.1952,0.2404,0.2235,0.1584,0.2757,0.2877,0.1668,0.2851,0.2877
300000815,White,Woman,4-Year,D,Increasing size of House of Representatives,TRUE,1,0.5448,0.4986,0.383,0.5057,0.4456,0.3686,0.4543,0.5615,0.2007,0.5057,0.5615
300000865,Hispanic,Woman,Post-Grad,D,Increasing size of House of Representatives,TRUE,1,0.4706,0.4731,0.4409,0.4424,0.5042,0.3774,0.3776,0.4621,0.2763,0.4731,0.5042
300000871,White,Woman,Post-Grad,D,Increasing size of House of Representatives,TRUE,1,0.5476,0.4557,0.5307,0.3028,0.5128,0.4703,0.261,0.4246,0.1477,0.5307,0.5128
300000902,White,Woman,Some College,R,Increasing size of House of Representatives,TRUE,1,0.3838,0.431,0.3074,0.333,0.3853,0.3226,0.3064,0.3327,0.1921,0.431,0.3853
300000908,White,Man,4-Year,D,Increasing size of House of Representatives,TRUE,1,0.0139,0.0324,0.0579,0.1254,0.0127,0.0289,0.0521,-0.0004,0.0913,0.1254,0.0913
300000910,White,Man,Post-Grad,I,Increasing size of House of Representatives,TRUE,1,0.4958,0.5352,0.4135,0.3949,0.5179,0.4395,0.3399,0.4608,0.28,0.5352,0.5179
300000931,Black,Man,Some College,I,Increasing size of House of Representatives,TRUE,1,0.3753,0.4683,0.3049,0.1179,0.2556,0.3073,0.174,0.217,0.2936,0.4683,0.3073
300000940,White,Woman,4-Year,D,Increasing size of House of Representatives,TRUE,1,-0.0224,-0.0385,0.0142,-0.0464,-0.0335,0.0102,-0.0075,-0.0205,0.0434,0.0142,0.0434
300000949,White,Man,Post-Grad,D,Increasing size of House of Representatives,TRUE,1,0.1573,0.1031,0.1815,0.128,0.1599,0.0948,0.1397,0.1966,0.115,0.1815,0.1966
300000952,White,Woman,4-Year,D,Increasing size of House of Representatives,TRUE,1,0.4521,0.5453,0.3719,0.409,0.4569,0.3847,0.3879,0.4503,0.1811,0.5453,0.4569
300000960,White,Woman,4-Year,D,Increasing size of House of Representatives,TRUE,1,0.445,0.541,0.4145,0.3961,0.4809,0.4621,0.3121,0.4178,0.2942,0.541,0.4809
300000997,Black,Woman,HS or Less,D,Increasing size of House of Representatives,TRUE,1,0.5491,0.5711,0.5108,0.3296,0.6159,0.4952,0.3362,0.4688,0.1999,0.5711,0.6159
300001006,Hispanic,Man,HS or Less,D,Increasing size of House of Representatives,TRUE,1,0.0548,0.0379,0.1036,-0.0086,-0.0284,0.0503,-0.0442,-0.0226,0.0771,0.1036,0.0771
300001015,All Other,Woman,4-Year,D,Increasing size of House of Representatives,TRUE,1,0.4234,0.4441,0.2669,0.3179,0.446,0.2894,0.3894,0.4679,0.1552,0.4441,0.4679
300001026,White,Man,Post-Grad,D,Increasing size of House of Representatives,TRUE,1,0.5981,0.392,0.6256,0.3179,0.4339,0.6484,0.2454,0.3702,0.1721,0.6256,0.6484
300001063,White,Woman,Some College,D,Increasing size of House of Representatives,TRUE,1,0.5073,0.5677,0.4384,0.4232,0.4572,0.4017,0.4451,0.5554,0.3426,0.5677,0.5554
300001069,White,Man,4-Year,D,Increasing size of House of Representatives,TRUE,1,0.647,0.5883,0.5709,0.5423,0.6543,0.5267,0.5077,0.5639,0.29,0.5883,0.6543
300001073,White,Man,Some College,I,Increasing size of House of Representatives,TRUE,1,0.2827,0.3751,0.1571,0.1715,0.1657,0.1566,0.1736,0.2901,0.0647,0.3751,0.2901
300001078,White,Man,Some College,D,Increasing size of House of Representatives,TRUE,1,0.4555,0.4416,0.3214,0.4681,0.463,0.3163,0.3389,0.5113,0.2491,0.4681,0.5113
300001087,Black,Woman,HS or Less,D,Increasing size of House of Representatives,TRUE,1,0.1117,0.2414,0.1037,0.0813,0.2343,0.024,0.0361,0.137,0.0241,0.2414,0.2343
300001105,Black,Man,Some College,D,Increasing size of House of Representatives,TRUE,1,0.4617,0.4354,0.347,0.463,0.4018,0.2632,0.3654,0.4578,0.2737,0.463,0.4578
300001133,White,Woman,Some College,D,Increasing size of House of Representatives,TRUE,1,0.193,0.2346,0.2103,0.2505,0.2229,0.1232,0.1655,0.2391,0.069,0.2505,0.2391
300001148,White,Man,Post-Grad,D,Increasing size of House of Representatives,TRUE,1,0.3074,0.3392,0.3003,0.1945,0.3415,0.2393,0.2424,0.2335,0.1886,0.3392,0.3415
300001150,White,Woman,4-Year,R,Increasing size of House of Representatives,TRUE,1,0.5067,0.4955,0.4568,0.3434,0.4669,0.4201,0.3655,0.3952,0.3844,0.4955,0.4669
300001194,Hispanic,Woman,4-Year,I,Increasing size of House of Representatives,TRUE,1,0.5799,0.562,0.3841,0.4286,0.5532,0.3752,0.3698,0.5153,0.2799,0.562,0.5532
300001195,White,Woman,4-Year,R,Increasing size of House of Representatives,TRUE,1,0.4878,0.5536,0.4264,0.3032,0.5491,0.4452,0.4129,0.517,0.3162,0.5536,0.5491
300001235,White,Man,HS or Less,D,Increasing size of House of Representatives,TRUE,1,0.556,0.567,0.4352,0.4135,0.5293,0.4199,0.4041,0.6139,0.2031,0.567,0.6139
300001322,White,Man,Some College,D,Increasing size of House of Representatives,TRUE,1,0.2648,0.322,0.3371,0.2598,0.1908,0.4178,0.2479,0.2792,0.4047,0.3371,0.4178
300001332,All Other,Woman,4-Year,I,Increasing size of House of Representatives,TRUE,1,0.1061,0.0889,0.1318,0.0805,0.0603,0.0995,0.046,0.0276,0.0948,0.1318,0.0995
300001343,All Other,Man,HS or Less,I,Increasing size of House of Representatives,TRUE,1,0.2712,0.2062,0.2545,0.3918,0.225,0.1008,0.3597,0.2947,0.2284,0.3918,0.3597
300001352,Asian,Woman,Some College,D,Increasing size of House of Representatives,TRUE,1,0.2811,0.4425,0.2875,0.2484,0.4132,0.2758,0.1313,0.3547,0.1519,0.4425,0.4132
300001364,Asian,Man,Some College,I,Increasing size of House of Representatives,TRUE,1,0.2793,0.2259,0.2395,0.4328,0.2022,0.1587,0.278,0.3449,0.1255,0.4328,0.3449
300001370,White,Man,Some College,D,Increasing size of House of Representatives,TRUE,1,0.6214,0.6224,0.5106,0.4302,0.5606,0.5388,0.4747,0.5915,0.3181,0.6224,0.5915
300001371,White,Man,Some College,R,Increasing size of House of Representatives,TRUE,1,0.1951,0.1726,0.1802,0.134,0.234,0.1364,0.0618,0.2162,0.1024,0.1802,0.234
300001372,Asian,Woman,Post-Grad,D,Increasing size of House of Representatives,TRUE,1,0.3295,0.221,0.3388,0.2167,0.183,0.2636,0.1406,0.2549,0.4475,0.3388,0.4475
300001384,White,Woman,HS or Less,D,Increasing size of House of Representatives,TRUE,1,0.2677,0.3269,0.1758,0.1791,0.2015,0.2773,0.2131,0.3001,0.3456,0.3269,0.3456
300001400,Black,Man,HS or Less,D,Increasing size of House of Representatives,TRUE,1,0.268,0.3301,0.2815,0.3169,0.2106,0.2131,0.2835,0.2643,0.251,0.3301,0.2835
300001401,Hispanic,Man,HS or Less,D,Increasing size of House of Representatives,TRUE,1,-0.0042,0.0144,-0.0208,0.0625,0.0159,-0.0263,0.0361,0.0181,0.0054,0.0625,0.0361
300001404,White,Man,Some College,D,Increasing size of House of Representatives,TRUE,1,0.1653,0.2347,0.1755,0.2775,0.2462,0.135,0.2952,0.3424,0.1944,0.2775,0.3424
300001424,White,Woman,Some College,D,Increasing size of House of Representatives,TRUE,1,0.3596,0.4509,0.3167,0.4137,0.4115,0.2614,0.4513,0.3581,0.2851,0.4509,0.4513
300001435,All Other,Man,Some College,I,Increasing size of House of Representatives,TRUE,1,0.0466,0.0222,0.0955,0.0241,0.0048,0.0359,0.0064,0.0235,0.0542,0.0955,0.0542
300001439,Asian,Woman,Some College,D,Increasing size of House of Representatives,TRUE,1,0.3701,0.4554,0.3414,0.309,0.4121,0.3498,0.2931,0.3228,0.2248,0.4554,0.4121
300001453,Black,Man,4-Year,D,Increasing size of House of Representatives,TRUE,1,0.7869,0.6866,0.6393,0.484,0.4939,0.5275,0.442,0.5705,0.5679,0.6866,0.5705
300001458,Black,Man,4-Year,D,Increasing size of House of Representatives,TRUE,1,0.1731,0.0836,0.11,0.1173,0.0613,0.0197,0.0551,0.0872,0.1501,0.1173,0.1501
300001467,Hispanic,Man,Post-Grad,I,Increasing size of House of Representatives,TRUE,1,0.5663,0.388,0.6054,0.2711,0.3948,0.6987,0.1916,0.3915,0.1261,0.6054,0.6987
300001484,White,Woman,Some College,D,Increasing size of House of Representatives,TRUE,1,0.608,0.6663,0.5615,0.4399,0.5717,0.561,0.399,0.6017,0.3255,0.6663,0.6017
300001489,All Other,Woman,Some College,D,Increasing size of House of Representatives,TRUE,1,0.4813,0.5245,0.3618,0.5001,0.5518,0.2739,0.4104,0.5372,0.2631,0.5245,0.5518
300001491,White,Man,Post-Grad,D,Increasing size of House of Representatives,TRUE,1,0.3769,0.4572,0.3103,0.4744,0.3459,0.3083,0.5177,0.3497,0.2296,0.4744,0.5177
300001495,White,Man,Some College,D,Increasing size of House of Representatives,TRUE,1,0.6443,0.4758,0.6483,0.3252,0.4511,0.7063,0.2687,0.4125,0.2345,0.6483,0.7063
300001497,Asian,Woman,Post-Grad,D,Increasing size of House of Representatives,TRUE,1,0.2547,0.3392,0.3598,0.1151,0.3491,0.4483,0.1361,0.2778,0.2617,0.3598,0.4483
300001513,All Other,Man,Post-Grad,D,Increasing size of House of Representatives,TRUE,1,0.2513,0.294,0.2778,0.1582,0.1959,0.2962,0.2281,0.2209,0.4433,0.294,0.4433
300001516,Hispanic,Man,Post-Grad,I,Increasing size of House of Representatives,TRUE,1,0.0576,0.0163,0.0131,0.0897,0.0623,0.0121,0.0489,0.0796,0.0774,0.0897,0.0796
300001526,All Other,Woman,Post-Grad,I,Increasing size of House of Representatives,TRUE,1,0.3805,0.4402,0.3222,0.2857,0.4277,0.3076,0.2435,0.347,0.2016,0.4402,0.4277
300001549,White,Woman,Some College,D,Increasing size of House of Representatives,TRUE,1,0.0941,0.1099,0.0639,-0.0261,0.2382,0.0623,-0.0458,0.0984,0.0906,0.1099,0.2382
300001576,White,Man,4-Year,D,Increasing size of House of Representatives,TRUE,1,0.3522,0.3837,0.3595,0.2226,0.3183,0.502,0.2588,0.2845,0.4453,0.3837,0.502
300001582,White,Man,4-Year,D,Increasing size of House of Representatives,TRUE,1,0.4582,0.48,0.423,0.3109,0.4461,0.3685,0.2938,0.364,0.3373,0.48,0.4461
300001619,White,Woman,Some College,D,Increasing size of House of Representatives,TRUE,1,0.5865,0.5791,0.4551,0.4866,0.6103,0.4407,0.4893,0.5344,0.2615,0.5791,0.6103
300001684,All Other,Man,4-Year,D,Increasing size of House of Representatives,TRUE,1,0.5141,0.5096,0.4092,0.4662,0.5255,0.3939,0.4339,0.578,0.2118,0.5096,0.578
300001688,White,other gender,HS or Less,D,Increasing size of House of Representatives,TRUE,1,0.4145,0.4186,0.3494,0.3241,0.4741,0.3237,0.257,0.3825,0.1003,0.4186,0.4741
300001706,White,Man,Some College,D,Increasing size of House of Representatives,TRUE,1,0.714,0.6397,0.6152,0.4394,0.6414,0.6179,0.391,0.5786,0.288,0.6397,0.6414
300001757,White,Man,Some College,D,Increasing size of House of Representatives,TRUE,1,0.5771,0.4289,0.6192,0.3352,0.5421,0.6359,0.284,0.3909,0.1959,0.6192,0.6359
300001760,White,Woman,Some College,I,Increasing size of House of Representatives,TRUE,1,0.1411,0.1597,0.1561,0.263,0.1995,0.0937,0.1944,0.2336,-0.0015,0.263,0.2336
300001775,White,Woman,Some College,R,Increasing size of House of Representatives,TRUE,1,0.3819,0.4383,0.3168,0.3413,0.4118,0.3337,0.2957,0.2886,0.1685,0.4383,0.4118
300001797,Black,Man,HS or Less,D,Increasing size of House of Representatives,TRUE,1,0.1089,0.2118,0.1784,0.1196,0.3118,0.1049,0.1011,0.161,0.0825,0.2118,0.3118
